id,name,property_type,country,city,county,phone,email,facebook_url,status,message_ro
"441","Apartament ART","apartament","Romania","Cluj-Napoca","","+40 740 250 286","","https://www.facebook.com/pages/Apartment-ART-Cluj/1531599237101210","nou","Bună ziua! Vă contactez din partea Trevoro, platformă românească pentru proprietari de cazări. Planuri transparente: Basic 99 lei/lună, Premium 149 lei/lună, Business 249 lei/lună, cu 0% comision pe rezervări. Înscriere: https://www.trevoro.ro/proprietari"
"565","Camping La Mariana","camping","Romania","Vama Veche","","","","https://www.facebook.com/lamarianavamaveche/","nou","Bună ziua! Vă contactez din partea Trevoro, platformă românească pentru proprietari de cazări. Planuri transparente: Basic 99 lei/lună, Premium 149 lei/lună, Business 249 lei/lună, cu 0% comision pe rezervări. Înscriere: https://www.trevoro.ro/proprietari"
"567","Casa Ryn","pensiune","Romania","","","+40722796188","","https://www.facebook.com/p/Casa-Ryn-Vama-Veche-100064352761019/","nou","Bună ziua! Vă contactez din partea Trevoro, platformă românească pentru proprietari de cazări. Planuri transparente: Basic 99 lei/lună, Premium 149 lei/lună, Business 249 lei/lună, cu 0% comision pe rezervări. Înscriere: https://www.trevoro.ro/proprietari"
"922","Blue Sky Hotel Eforie Nord","hotel","Romania","Eforie Nord","","+40739914704","","https://www.facebook.com/BlueSkyResortEforieN/","nou","Bună ziua! Vă contactez din partea Trevoro, platformă românească pentru proprietari de cazări. Planuri transparente: Basic 99 lei/lună, Premium 149 lei/lună, Business 249 lei/lună, cu 0% comision pe rezervări. Înscriere: https://www.trevoro.ro/proprietari"
"1251","Felyviss","pensiune","Romania","Albac","Alba","","","https://www.facebook.com/Pensiunea.FelyViss/","nou","Bună ziua! Vă contactez din partea Trevoro, platformă românească pentru proprietari de cazări. Planuri transparente: Basic 99 lei/lună, Premium 149 lei/lună, Business 249 lei/lună, cu 0% comision pe rezervări. Înscriere: https://www.trevoro.ro/proprietari"
"1257","Casa Brădeană","pensiune","Romania","Albac","Alba","","","https://www.facebook.com/pensiuneaagroturistica.casabradeana","nou","Bună ziua! Vă contactez din partea Trevoro, platformă românească pentru proprietari de cazări. Planuri transparente: Basic 99 lei/lună, Premium 149 lei/lună, Business 249 lei/lună, cu 0% comision pe rezervări. Înscriere: https://www.trevoro.ro/proprietari"
"1264","Poieniţa","pensiune","Romania","Albac","Alba","","","https://www.facebook.com/Pensiunea-Poieni%C8%9Ba-Albac-1625546351052664/","nou","Bună ziua! Vă contactez din partea Trevoro, platformă românească pentru proprietari de cazări. Planuri transparente: Basic 99 lei/lună, Premium 149 lei/lună, Business 249 lei/lună, cu 0% comision pe rezervări. Înscriere: https://www.trevoro.ro/proprietari"
"1266","Danciu","pensiune","Romania","Albac","Alba","","danciu_diana1795@yahoo.com","https://www.facebook.com/pensiuneadanciu.albac/","nou","Bună ziua! Vă contactez din partea Trevoro, platformă românească pentru proprietari de cazări. Planuri transparente: Basic 99 lei/lună, Premium 149 lei/lună, Business 249 lei/lună, cu 0% comision pe rezervări. Înscriere: https://www.trevoro.ro/proprietari"
"1268","Andra","pensiune","Romania","Albac","Alba","","","https://www.facebook.com/PensiuneaAndraAlbac2020/","nou","Bună ziua! Vă contactez din partea Trevoro, platformă românească pentru proprietari de cazări. Planuri transparente: Basic 99 lei/lună, Premium 149 lei/lună, Business 249 lei/lună, cu 0% comision pe rezervări. Înscriere: https://www.trevoro.ro/proprietari"
"1270","Welness Spa Regal Chef Decebal","pensiune","Romania","Almaşu Mare","Alba","","achimstefandecebal@gmail.com","https://m.facebook.com/Wellness-SPA-Regal-Chef-Decebal-103221682235155/","nou","Bună ziua! Vă contactez din partea Trevoro, platformă românească pentru proprietari de cazări. Planuri transparente: Basic 99 lei/lună, Premium 149 lei/lună, Business 249 lei/lună, cu 0% comision pe rezervări. Înscriere: https://www.trevoro.ro/proprietari"
"1272","Cheile Cibului","pensiune","Romania","Almaşu Mare","Alba","","","https://www.facebook.com/Pensiunea-Agroturistica-Cheile-Cibului-254852648221843/","nou","Bună ziua! Vă contactez din partea Trevoro, platformă românească pentru proprietari de cazări. Planuri transparente: Basic 99 lei/lună, Premium 149 lei/lună, Business 249 lei/lună, cu 0% comision pe rezervări. Înscriere: https://www.trevoro.ro/proprietari"
"1275","Casa Alina","pensiune","Romania","Arieşeni","Alba","","casaalina@yahoo.com","https://www.facebook.com/casaalinaarieseni/","nou","Bună ziua! Vă contactez din partea Trevoro, platformă românească pentru proprietari de cazări. Planuri transparente: Basic 99 lei/lună, Premium 149 lei/lună, Business 249 lei/lună, cu 0% comision pe rezervări. Înscriere: https://www.trevoro.ro/proprietari"
"1288","Gianina","pensiune","Romania","Arieşeni","Alba","","ariestour@yahoo.com","https://www.facebook.com/pensiuneagianinalike/","nou","Bună ziua! Vă contactez din partea Trevoro, platformă românească pentru proprietari de cazări. Planuri transparente: Basic 99 lei/lună, Premium 149 lei/lună, Business 249 lei/lună, cu 0% comision pe rezervări. Înscriere: https://www.trevoro.ro/proprietari"
"1292","Simona","pensiune","Romania","Arieşeni","Alba","","dorinmihais@gmail.com","https://www.facebook.com/pensiuneasimonaarieseni/","nou","Bună ziua! Vă contactez din partea Trevoro, platformă românească pentru proprietari de cazări. Planuri transparente: Basic 99 lei/lună, Premium 149 lei/lună, Business 249 lei/lună, cu 0% comision pe rezervări. Înscriere: https://www.trevoro.ro/proprietari"
"1296","Valea Brazilor","pensiune","Romania","Arieşeni","Alba","","mocanioan_81@yahoo.com","https://www.facebook.com/ValeaBrazilor/","nou","Bună ziua! Vă contactez din partea Trevoro, platformă românească pentru proprietari de cazări. Planuri transparente: Basic 99 lei/lună, Premium 149 lei/lună, Business 249 lei/lună, cu 0% comision pe rezervări. Înscriere: https://www.trevoro.ro/proprietari"
"1299","Viorica","pensiune","Romania","Arieşeni","Alba","","vacantaarieseni@yahoo.com","https://www.facebook.com/PensiuneaVioricaArieseni/","nou","Bună ziua! Vă contactez din partea Trevoro, platformă românească pentru proprietari de cazări. Planuri transparente: Basic 99 lei/lună, Premium 149 lei/lună, Business 249 lei/lună, cu 0% comision pe rezervări. Înscriere: https://www.trevoro.ro/proprietari"
"1326","Maria","pensiune","Romania","Arieşeni","Alba","","pensiuneamaria.vartop@yahoo.com","https://www.facebook.com/Pensiunea-Maria-334288489938901/","nou","Bună ziua! Vă contactez din partea Trevoro, platformă românească pentru proprietari de cazări. Planuri transparente: Basic 99 lei/lună, Premium 149 lei/lună, Business 249 lei/lună, cu 0% comision pe rezervări. Înscriere: https://www.trevoro.ro/proprietari"
"1348","Izvorul Arieşului","pensiune","Romania","Arieşeni","Alba","","","https://www.facebook.com/Pensiunea-Izvorul-Ariesului-377328669061741/","nou","Bună ziua! Vă contactez din partea Trevoro, platformă românească pentru proprietari de cazări. Planuri transparente: Basic 99 lei/lună, Premium 149 lei/lună, Business 249 lei/lună, cu 0% comision pe rezervări. Înscriere: https://www.trevoro.ro/proprietari"
"1364","Casa Moţilor","pensiune","Romania","Bucium","Alba","","cecilianicola131@gmail.com","https://www.facebook.com/pensiuneacasamotilor/","nou","Bună ziua! Vă contactez din partea Trevoro, platformă românească pentru proprietari de cazări. Planuri transparente: Basic 99 lei/lună, Premium 149 lei/lună, Business 249 lei/lună, cu 0% comision pe rezervări. Înscriere: https://www.trevoro.ro/proprietari"
"1368","Giulia","pensiune","Romania","Bucium","Alba","","nicoara_terezia@yahoo.com","https://www.facebook.com/nicoaraterezia/","nou","Bună ziua! Vă contactez din partea Trevoro, platformă românească pentru proprietari de cazări. Planuri transparente: Basic 99 lei/lună, Premium 149 lei/lună, Business 249 lei/lună, cu 0% comision pe rezervări. Înscriere: https://www.trevoro.ro/proprietari"
"1377","Cosette","pensiune","Romania","Galda De Jos","Alba","","ludusancristian@yahoo.com","https://www.facebook.com/AgroPensiune-Cosette-551583954990105/","nou","Bună ziua! Vă contactez din partea Trevoro, platformă românească pentru proprietari de cazări. Planuri transparente: Basic 99 lei/lună, Premium 149 lei/lună, Business 249 lei/lună, cu 0% comision pe rezervări. Înscriere: https://www.trevoro.ro/proprietari"
"1380","La Poiană","pensiune","Romania","Galda De Jos","Alba","","npensiunealapoiana@yahoo.com","https://www.facebook.com/pensiunelapoiana/","nou","Bună ziua! Vă contactez din partea Trevoro, platformă românească pentru proprietari de cazări. Planuri transparente: Basic 99 lei/lună, Premium 149 lei/lună, Business 249 lei/lună, cu 0% comision pe rezervări. Înscriere: https://www.trevoro.ro/proprietari"
"1388","Casa Bună","pensiune","Romania","Gârbova","Alba","","office@pensiuneacasabuna.ro","https://www.facebook.com/pensiuneacasabuna/","nou","Bună ziua! Vă contactez din partea Trevoro, platformă românească pentru proprietari de cazări. Planuri transparente: Basic 99 lei/lună, Premium 149 lei/lună, Business 249 lei/lună, cu 0% comision pe rezervări. Înscriere: https://www.trevoro.ro/proprietari"
"1389","La Marian","pensiune","Romania","Gârda De Sus","Alba","","marian_dobra888@yahoo.com","https://www.facebook.com/mariandobra88/","nou","Bună ziua! Vă contactez din partea Trevoro, platformă românească pentru proprietari de cazări. Planuri transparente: Basic 99 lei/lună, Premium 149 lei/lună, Business 249 lei/lună, cu 0% comision pe rezervări. Înscriere: https://www.trevoro.ro/proprietari"
"1396","Casa Iunia","pensiune","Romania","Gârda De Sus","Alba","","pensiunea_iunia@yahoo.com","https://www.facebook.com/digvirgil","nou","Bună ziua! Vă contactez din partea Trevoro, platformă românească pentru proprietari de cazări. Planuri transparente: Basic 99 lei/lună, Premium 149 lei/lună, Business 249 lei/lună, cu 0% comision pe rezervări. Înscriere: https://www.trevoro.ro/proprietari"
"1402","Gheţar Scărişoara","pensiune","Romania","Gârda De Sus","Alba","","pascanicodim@yahoo.com","https://www.facebook.com/www.pensiuneascarisoara.ro/","nou","Bună ziua! Vă contactez din partea Trevoro, platformă românească pentru proprietari de cazări. Planuri transparente: Basic 99 lei/lună, Premium 149 lei/lună, Business 249 lei/lună, cu 0% comision pe rezervări. Înscriere: https://www.trevoro.ro/proprietari"
"1406","Marydor","pensiune","Romania","Gârda De Sus","Alba","","pensiunea_marydor@yahoo.com","https://www.facebook.com/marydor.ro/","nou","Bună ziua! Vă contactez din partea Trevoro, platformă românească pentru proprietari de cazări. Planuri transparente: Basic 99 lei/lună, Premium 149 lei/lună, Business 249 lei/lună, cu 0% comision pe rezervări. Înscriere: https://www.trevoro.ro/proprietari"
"1407","Murmurul Ariesului","pensiune","Romania","Gârda De Sus","Alba","","","https://www.facebook.com/murmurul.ariesului","nou","Bună ziua! Vă contactez din partea Trevoro, platformă românească pentru proprietari de cazări. Planuri transparente: Basic 99 lei/lună, Premium 149 lei/lună, Business 249 lei/lună, cu 0% comision pe rezervări. Înscriere: https://www.trevoro.ro/proprietari"
"1409","Rustic","pensiune","Romania","Gârda De Sus","Alba","","nicugligor2009@yahoo.com","https://www.facebook.com/www.rusticpensiune/","nou","Bună ziua! Vă contactez din partea Trevoro, platformă românească pentru proprietari de cazări. Planuri transparente: Basic 99 lei/lună, Premium 149 lei/lună, Business 249 lei/lună, cu 0% comision pe rezervări. Înscriere: https://www.trevoro.ro/proprietari"
"1413","Lia","pensiune","Romania","Gârda De Sus","Alba","","liateodora@yahoo.com","https://www.facebook.com/Pensiunea-Lia-148249245229232/","nou","Bună ziua! Vă contactez din partea Trevoro, platformă românească pentru proprietari de cazări. Planuri transparente: Basic 99 lei/lună, Premium 149 lei/lună, Business 249 lei/lună, cu 0% comision pe rezervări. Înscriere: https://www.trevoro.ro/proprietari"
"1419","Căsuţa Din Poveşti","pensiune","Romania","Horea","Alba","","rodica.pavel@gmail.com","https://www.facebook.com/C%C4%83su%C8%9Ba-din-Pove%C5%9Fti-1592875410961160/","nou","Bună ziua! Vă contactez din partea Trevoro, platformă românească pentru proprietari de cazări. Planuri transparente: Basic 99 lei/lună, Premium 149 lei/lună, Business 249 lei/lună, cu 0% comision pe rezervări. Înscriere: https://www.trevoro.ro/proprietari"
"1421","Mama Ana","pensiune","Romania","Horea","Alba","","nikeman_ro@yahoo.com","https://www.facebook.com/PensiuneaMamaAnaHorea/","nou","Bună ziua! Vă contactez din partea Trevoro, platformă românească pentru proprietari de cazări. Planuri transparente: Basic 99 lei/lună, Premium 149 lei/lună, Business 249 lei/lună, cu 0% comision pe rezervări. Înscriere: https://www.trevoro.ro/proprietari"
"1438","Casa Negrea","pensiune","Romania","Ighiu","Alba","","don10ovidiu@yahoo.com","https://www.facebook.com/casanegrea/","nou","Bună ziua! Vă contactez din partea Trevoro, platformă românească pentru proprietari de cazări. Planuri transparente: Basic 99 lei/lună, Premium 149 lei/lună, Business 249 lei/lună, cu 0% comision pe rezervări. Înscriere: https://www.trevoro.ro/proprietari"
"1447","Casa Dintre Vii","pensiune","Romania","Jidvei","Alba","","casadintrevii@gmail.com","https://www.facebook.com/casadintrevii/","nou","Bună ziua! Vă contactez din partea Trevoro, platformă românească pentru proprietari de cazări. Planuri transparente: Basic 99 lei/lună, Premium 149 lei/lună, Business 249 lei/lună, cu 0% comision pe rezervări. Înscriere: https://www.trevoro.ro/proprietari"
"1450","Casa De Vacanţă Vălişoara","pensiune","Romania","Livezile","Alba","","ecotour.ardeal@gmail.com","https://www.facebook.com/CasaDeVacantaValisoara/","nou","Bună ziua! Vă contactez din partea Trevoro, platformă românească pentru proprietari de cazări. Planuri transparente: Basic 99 lei/lună, Premium 149 lei/lună, Business 249 lei/lună, cu 0% comision pe rezervări. Înscriere: https://www.trevoro.ro/proprietari"
"1463","Casa Ampeia","pensiune","Romania","Meteş","Alba","","razvan.zav@gmail.com","https://www.facebook.com/casaampeia/","nou","Bună ziua! Vă contactez din partea Trevoro, platformă românească pentru proprietari de cazări. Planuri transparente: Basic 99 lei/lună, Premium 149 lei/lună, Business 249 lei/lună, cu 0% comision pe rezervări. Înscriere: https://www.trevoro.ro/proprietari"
"1474","Iedera","pensiune","Romania","Pianu","Alba","","pensiunea.iedera@yahoo.com","https://www.facebook.com/pensiunea.iedera/","nou","Bună ziua! Vă contactez din partea Trevoro, platformă românească pentru proprietari de cazări. Planuri transparente: Basic 99 lei/lună, Premium 149 lei/lună, Business 249 lei/lună, cu 0% comision pe rezervări. Înscriere: https://www.trevoro.ro/proprietari"
"1505","Doctor Demeter Bela","pensiune","Romania","Rimetea","Alba","","drdemeter@freemail.hu","https://www.facebook.com/drdemeterbela/","nou","Bună ziua! Vă contactez din partea Trevoro, platformă românească pentru proprietari de cazări. Planuri transparente: Basic 99 lei/lună, Premium 149 lei/lună, Business 249 lei/lună, cu 0% comision pe rezervări. Înscriere: https://www.trevoro.ro/proprietari"
"1516","Szekely","pensiune","Romania","Rimetea","Alba","","office@trascaugroup.ro","https://www.facebook.com/pensiunea.szekely/","nou","Bună ziua! Vă contactez din partea Trevoro, platformă românească pentru proprietari de cazări. Planuri transparente: Basic 99 lei/lună, Premium 149 lei/lună, Business 249 lei/lună, cu 0% comision pe rezervări. Înscriere: https://www.trevoro.ro/proprietari"
"1523","Popas Sălciua","pensiune","Romania","Sălciua","Alba","","pensiune.popassalciua@yahoo.com","https://www.facebook.com/pensiunepopassalciua/","nou","Bună ziua! Vă contactez din partea Trevoro, platformă românească pentru proprietari de cazări. Planuri transparente: Basic 99 lei/lună, Premium 149 lei/lună, Business 249 lei/lună, cu 0% comision pe rezervări. Înscriere: https://www.trevoro.ro/proprietari"
"1527","Totu Bun","pensiune","Romania","Sălciua","Alba","","contact@pensiuneatotubun.ro","https://www.facebook.com/pensiuneatotubun/","nou","Bună ziua! Vă contactez din partea Trevoro, platformă românească pentru proprietari de cazări. Planuri transparente: Basic 99 lei/lună, Premium 149 lei/lună, Business 249 lei/lună, cu 0% comision pe rezervări. Înscriere: https://www.trevoro.ro/proprietari"
"1540","Axa","pensiune","Romania","Şpring","Alba","","office@hotelaxatravel.ro","https://www.facebook.com/hotelaxa/","nou","Bună ziua! Vă contactez din partea Trevoro, platformă românească pentru proprietari de cazări. Planuri transparente: Basic 99 lei/lună, Premium 149 lei/lună, Business 249 lei/lună, cu 0% comision pe rezervări. Înscriere: https://www.trevoro.ro/proprietari"
"1546","Livada Bunicilor","pensiune","Romania","Stremţ","Alba","","lorinmaris@yahoo.com","https://www.facebook.com/LivadaBunicilor/","nou","Bună ziua! Vă contactez din partea Trevoro, platformă românească pentru proprietari de cazări. Planuri transparente: Basic 99 lei/lună, Premium 149 lei/lună, Business 249 lei/lună, cu 0% comision pe rezervări. Înscriere: https://www.trevoro.ro/proprietari"
"1547","Casa David","pensiune","Romania","Şugag","Alba","","ghita.uscatu@yahoo.ro","https://www.facebook.com/Pensiunea-Casa-David-107959823199938/","nou","Bună ziua! Vă contactez din partea Trevoro, platformă românească pentru proprietari de cazări. Planuri transparente: Basic 99 lei/lună, Premium 149 lei/lună, Business 249 lei/lună, cu 0% comision pe rezervări. Înscriere: https://www.trevoro.ro/proprietari"
"1548","Petru","pensiune","Romania","Şugag","Alba","","uscatupetrica@yahoo.com","https://www.facebook.com/pensiuneapetru/","nou","Bună ziua! Vă contactez din partea Trevoro, platformă românească pentru proprietari de cazări. Planuri transparente: Basic 99 lei/lună, Premium 149 lei/lună, Business 249 lei/lună, cu 0% comision pe rezervări. Înscriere: https://www.trevoro.ro/proprietari"
"1552","Casa Iulia","pensiune","Romania","Şugag","Alba","","soradarius288@gmail.com","https://www.facebook.com/Pensiunea-Casa-Iulia-283323411860112/","nou","Bună ziua! Vă contactez din partea Trevoro, platformă românească pentru proprietari de cazări. Planuri transparente: Basic 99 lei/lună, Premium 149 lei/lună, Business 249 lei/lună, cu 0% comision pe rezervări. Înscriere: https://www.trevoro.ro/proprietari"
"1555","Perla Mărtiniei","pensiune","Romania","Şugag","Alba","","perlamartiniei@yahoo.com","https://www.facebook.com/perlamartinieisugag/","nou","Bună ziua! Vă contactez din partea Trevoro, platformă românească pentru proprietari de cazări. Planuri transparente: Basic 99 lei/lună, Premium 149 lei/lună, Business 249 lei/lună, cu 0% comision pe rezervări. Înscriere: https://www.trevoro.ro/proprietari"
"1558","La Cernat","pensiune","Romania","Şugag","Alba","","pensiunealacernat@yahoo.com","https://www.facebook.com/Pensiunea-Agroturistica-La-Cernat-462497194527156/","nou","Bună ziua! Vă contactez din partea Trevoro, platformă românească pentru proprietari de cazări. Planuri transparente: Basic 99 lei/lună, Premium 149 lei/lună, Business 249 lei/lună, cu 0% comision pe rezervări. Înscriere: https://www.trevoro.ro/proprietari"
"1567","Colţ Din Rai","pensiune","Romania","Şugag","Alba","","contact.coltdinrai@gmail.com","https://www.facebook.com/coltdinrai/","nou","Bună ziua! Vă contactez din partea Trevoro, platformă românească pentru proprietari de cazări. Planuri transparente: Basic 99 lei/lună, Premium 149 lei/lună, Business 249 lei/lună, cu 0% comision pe rezervări. Înscriere: https://www.trevoro.ro/proprietari"
"1578","Pensiunea Motilor","pensiune","Romania","Vadu Moţilor","Alba","","","https://www.facebook.com/Pensiunea-Mo%C8%9Bilor-881753478617363/","nou","Bună ziua! Vă contactez din partea Trevoro, platformă românească pentru proprietari de cazări. Planuri transparente: Basic 99 lei/lună, Premium 149 lei/lună, Business 249 lei/lună, cu 0% comision pe rezervări. Înscriere: https://www.trevoro.ro/proprietari"
"1582","Ioana","pensiune","Romania","Valea Lungă","Alba","","ady_adriano1@yahoo.com","https://www.facebook.com/AgroPensiuneaIoana","nou","Bună ziua! Vă contactez din partea Trevoro, platformă românească pentru proprietari de cazări. Planuri transparente: Basic 99 lei/lună, Premium 149 lei/lună, Business 249 lei/lună, cu 0% comision pe rezervări. Înscriere: https://www.trevoro.ro/proprietari"
"1589","Dealul Cu Melci","pensiune","Romania","Vidra","Alba","","claudia74pop@yahoo.com","https://www.facebook.com/dealulcumelci/","nou","Bună ziua! Vă contactez din partea Trevoro, platformă românească pentru proprietari de cazări. Planuri transparente: Basic 99 lei/lună, Premium 149 lei/lună, Business 249 lei/lună, cu 0% comision pe rezervări. Înscriere: https://www.trevoro.ro/proprietari"
"1591","Drumul Iancului","pensiune","Romania","Vidra","Alba","","oana_nicusor@yahoo.com","https://www.facebook.com/people/Pensiunea-Drumul-Iancului/100047362726948/","nou","Bună ziua! Vă contactez din partea Trevoro, platformă românească pentru proprietari de cazări. Planuri transparente: Basic 99 lei/lună, Premium 149 lei/lună, Business 249 lei/lună, cu 0% comision pe rezervări. Înscriere: https://www.trevoro.ro/proprietari"
"1597","Drumul Dragostei","pensiune","Romania","Vinţu De Jos","Alba","","","https://www.facebook.com/DrumulDragostei?ref=ts&fref=ts","nou","Bună ziua! Vă contactez din partea Trevoro, platformă românească pentru proprietari de cazări. Planuri transparente: Basic 99 lei/lună, Premium 149 lei/lună, Business 249 lei/lună, cu 0% comision pe rezervări. Înscriere: https://www.trevoro.ro/proprietari"
"1608","Casa Domeniile Vinului","pensiune","Romania","Aiud","Alba","","","https://www.facebook.com/domeniilevinului.casa","nou","Bună ziua! Vă contactez din partea Trevoro, platformă românească pentru proprietari de cazări. Planuri transparente: Basic 99 lei/lună, Premium 149 lei/lună, Business 249 lei/lună, cu 0% comision pe rezervări. Înscriere: https://www.trevoro.ro/proprietari"
"1664","Margareta","pensiune","Romania","Alba Iulia","Alba","","office@hanulcuberze.ro","https://www.facebook.com/pensiuneamargaretaalbaiulia/","nou","Bună ziua! Vă contactez din partea Trevoro, platformă românească pentru proprietari de cazări. Planuri transparente: Basic 99 lei/lună, Premium 149 lei/lună, Business 249 lei/lună, cu 0% comision pe rezervări. Înscriere: https://www.trevoro.ro/proprietari"
"1710","Man President","pensiune","Romania","Blaj","Alba","","","https://www.facebook.com/PensiuneaManPresident/","nou","Bună ziua! Vă contactez din partea Trevoro, platformă românească pentru proprietari de cazări. Planuri transparente: Basic 99 lei/lună, Premium 149 lei/lună, Business 249 lei/lună, cu 0% comision pe rezervări. Înscriere: https://www.trevoro.ro/proprietari"
"1711","Montana Popa","pensiune","Romania","Blaj","Alba","","pensiune@montanapopa.ro","https://www.facebook.com/PensiuneMontanaPopa/","nou","Bună ziua! Vă contactez din partea Trevoro, platformă românească pentru proprietari de cazări. Planuri transparente: Basic 99 lei/lună, Premium 149 lei/lună, Business 249 lei/lună, cu 0% comision pe rezervări. Înscriere: https://www.trevoro.ro/proprietari"
"1737","Detunata","pensiune","Romania","Oraş Abrud","Alba","","","https://m.facebook.com/Pensiunea-Detunata-1650132248649370/","nou","Bună ziua! Vă contactez din partea Trevoro, platformă românească pentru proprietari de cazări. Planuri transparente: Basic 99 lei/lună, Premium 149 lei/lună, Business 249 lei/lună, cu 0% comision pe rezervări. Înscriere: https://www.trevoro.ro/proprietari"
"1741","Roua Muntelui","pensiune","Romania","Baia De Arieş","Alba","","rouamunteluibaiadearies@gmail.com","https://www.facebook.com/Pensiunea-Roua-Muntelui-1498509797033647/","nou","Bună ziua! Vă contactez din partea Trevoro, platformă românească pentru proprietari de cazări. Planuri transparente: Basic 99 lei/lună, Premium 149 lei/lună, Business 249 lei/lună, cu 0% comision pe rezervări. Înscriere: https://www.trevoro.ro/proprietari"
"1753","Poarta Raiului","pensiune","Romania","Oraş Cugir","Alba","","","https://www.facebook.com/pensiunea.poartaraiului","nou","Bună ziua! Vă contactez din partea Trevoro, platformă românească pentru proprietari de cazări. Planuri transparente: Basic 99 lei/lună, Premium 149 lei/lună, Business 249 lei/lună, cu 0% comision pe rezervări. Înscriere: https://www.trevoro.ro/proprietari"
"1772","Răzvan","pensiune","Romania","Brazii","Arad","","dodumecea@yahoo.com","https://www.facebook.com/Agropensiunea-R%C4%83zvan-100959095109518/","nou","Bună ziua! Vă contactez din partea Trevoro, platformă românească pentru proprietari de cazări. Planuri transparente: Basic 99 lei/lună, Premium 149 lei/lună, Business 249 lei/lună, cu 0% comision pe rezervări. Înscriere: https://www.trevoro.ro/proprietari"
"1775","Rozsa","pensiune","Romania","Dorobanţi","Arad","","pensiunearozsa@gmail.com","https://www.facebook.com/pensiunearozsa/","nou","Bună ziua! Vă contactez din partea Trevoro, platformă românească pentru proprietari de cazări. Planuri transparente: Basic 99 lei/lună, Premium 149 lei/lună, Business 249 lei/lună, cu 0% comision pe rezervări. Înscriere: https://www.trevoro.ro/proprietari"
"1778","Minis","pensiune","Romania","Ghioroc","Arad","","agrotur@yahoo.com","https://www.facebook.com/pensiuneamonicageza/","nou","Bună ziua! Vă contactez din partea Trevoro, platformă românească pentru proprietari de cazări. Planuri transparente: Basic 99 lei/lună, Premium 149 lei/lună, Business 249 lei/lună, cu 0% comision pe rezervări. Înscriere: https://www.trevoro.ro/proprietari"
"1794","Lacul Liniştit","pensiune","Romania","Moneasa","Arad","","mayumi_moneasa@yahoo.com","https://www.facebook.com/mayumi.moneasa","nou","Bună ziua! Vă contactez din partea Trevoro, platformă românească pentru proprietari de cazări. Planuri transparente: Basic 99 lei/lună, Premium 149 lei/lună, Business 249 lei/lună, cu 0% comision pe rezervări. Înscriere: https://www.trevoro.ro/proprietari"
"1814","Casa Din Fermă","pensiune","Romania","Pilu","Arad","","sabaunelida1980@yahoo.com","https://www.facebook.com/Pensiunea-agroturistica-CASA-DIN-FERMA-101466198368413/","nou","Bună ziua! Vă contactez din partea Trevoro, platformă românească pentru proprietari de cazări. Planuri transparente: Basic 99 lei/lună, Premium 149 lei/lună, Business 249 lei/lună, cu 0% comision pe rezervări. Înscriere: https://www.trevoro.ro/proprietari"
"1818","Carmen","pensiune","Romania","Săvârşin","Arad","","carmenistoc@yahoo.com","https://www.facebook.com/Pensiunea-Carmen-474991425871760/","nou","Bună ziua! Vă contactez din partea Trevoro, platformă românească pentru proprietari de cazări. Planuri transparente: Basic 99 lei/lună, Premium 149 lei/lună, Business 249 lei/lună, cu 0% comision pe rezervări. Înscriere: https://www.trevoro.ro/proprietari"
"1821","La Foresteria","pensiune","Romania","Şiria","Arad","","laforesteria@gmail.com","https://www.facebook.com/foresteria.la/","nou","Bună ziua! Vă contactez din partea Trevoro, platformă românească pentru proprietari de cazări. Planuri transparente: Basic 99 lei/lună, Premium 149 lei/lună, Business 249 lei/lună, cu 0% comision pe rezervări. Înscriere: https://www.trevoro.ro/proprietari"
"1846","Alexandra","pensiune","Romania","Zăbrani","Arad","","","https://www.facebook.com/pensiunea.alexandra.chesint/","nou","Bună ziua! Vă contactez din partea Trevoro, platformă românească pentru proprietari de cazări. Planuri transparente: Basic 99 lei/lună, Premium 149 lei/lună, Business 249 lei/lună, cu 0% comision pe rezervări. Înscriere: https://www.trevoro.ro/proprietari"
"1848","Frăgăria","pensiune","Romania","Zimandu Nou","Arad","","lafragaria@gmail.com","https://www.facebook.com/fragariaguesthouse/","nou","Bună ziua! Vă contactez din partea Trevoro, platformă românească pentru proprietari de cazări. Planuri transparente: Basic 99 lei/lună, Premium 149 lei/lună, Business 249 lei/lună, cu 0% comision pe rezervări. Înscriere: https://www.trevoro.ro/proprietari"
"1849","Route 94","pensiune","Romania","Zimandu Nou","Arad","","pensiunemonte94@yahoo.com","https://www.facebook.com/Pensiunea-Route-94-402676446851322/","nou","Bună ziua! Vă contactez din partea Trevoro, platformă românească pentru proprietari de cazări. Planuri transparente: Basic 99 lei/lună, Premium 149 lei/lună, Business 249 lei/lună, cu 0% comision pe rezervări. Înscriere: https://www.trevoro.ro/proprietari"
"1873","Casa Românească","pensiune","Romania","Arad","Arad","","bontea_ghita@yahoo.com","https://www.facebook.com/Casa-romaneasca-195848400606279/","nou","Bună ziua! Vă contactez din partea Trevoro, platformă românească pentru proprietari de cazări. Planuri transparente: Basic 99 lei/lună, Premium 149 lei/lună, Business 249 lei/lună, cu 0% comision pe rezervări. Înscriere: https://www.trevoro.ro/proprietari"
"1890","Etap 2","pensiune","Romania","Arad","Arad","","danielos_arad@yahoo.com","https://www.facebook.com/PensiuneaEtapArad","nou","Bună ziua! Vă contactez din partea Trevoro, platformă românească pentru proprietari de cazări. Planuri transparente: Basic 99 lei/lună, Premium 149 lei/lună, Business 249 lei/lună, cu 0% comision pe rezervări. Înscriere: https://www.trevoro.ro/proprietari"
"1904","Johanna","pensiune","Romania","Arad","Arad","","hotel.wolf@yahoo.com","https://www.facebook.com/Pensiunea-Johanna-274556786048953/","nou","Bună ziua! Vă contactez din partea Trevoro, platformă românească pentru proprietari de cazări. Planuri transparente: Basic 99 lei/lună, Premium 149 lei/lună, Business 249 lei/lună, cu 0% comision pe rezervări. Înscriere: https://www.trevoro.ro/proprietari"
"1922","Mioriţa","pensiune","Romania","Arad","Arad","","pensiuneamiorita@yahoo.com","https://www.facebook.com/pensiuneamiorita","nou","Bună ziua! Vă contactez din partea Trevoro, platformă românească pentru proprietari de cazări. Planuri transparente: Basic 99 lei/lună, Premium 149 lei/lună, Business 249 lei/lună, cu 0% comision pe rezervări. Înscriere: https://www.trevoro.ro/proprietari"
"1931","Onalisa","pensiune","Romania","Arad","Arad","","onalisa2008@yahoo.com","https://www.facebook.com/Pensiunea-Onalisa-434996073269516/","nou","Bună ziua! Vă contactez din partea Trevoro, platformă românească pentru proprietari de cazări. Planuri transparente: Basic 99 lei/lună, Premium 149 lei/lună, Business 249 lei/lună, cu 0% comision pe rezervări. Înscriere: https://www.trevoro.ro/proprietari"
"1941","San","pensiune","Romania","Arad","Arad","","nicoletasabau08@gmail.com","https://www.facebook.com/Pensiunea-San-Arad-1440828875927148/","nou","Bună ziua! Vă contactez din partea Trevoro, platformă românească pentru proprietari de cazări. Planuri transparente: Basic 99 lei/lună, Premium 149 lei/lună, Business 249 lei/lună, cu 0% comision pe rezervări. Înscriere: https://www.trevoro.ro/proprietari"
"1960","Zori De Zi","pensiune","Romania","Arad","Arad","","zoridezipensiune@gmail.com","https://www.facebook.com/Terasa-Zori-de-Zi-1099752613374711/","nou","Bună ziua! Vă contactez din partea Trevoro, platformă românească pentru proprietari de cazări. Planuri transparente: Basic 99 lei/lună, Premium 149 lei/lună, Business 249 lei/lună, cu 0% comision pe rezervări. Înscriere: https://www.trevoro.ro/proprietari"
"1974","Mara","pensiune","Romania","Oraş Lipova","Arad","","maralucia91@gmail.com","https://www.facebook.com/PopasMara/","nou","Bună ziua! Vă contactez din partea Trevoro, platformă românească pentru proprietari de cazări. Planuri transparente: Basic 99 lei/lună, Premium 149 lei/lună, Business 249 lei/lună, cu 0% comision pe rezervări. Înscriere: https://www.trevoro.ro/proprietari"
"1975","Oxana","pensiune","Romania","Oraş Lipova","Arad","","","https://www.facebook.com/Pensiunea-Oxana-1507852956128754/","nou","Bună ziua! Vă contactez din partea Trevoro, platformă românească pentru proprietari de cazări. Planuri transparente: Basic 99 lei/lună, Premium 149 lei/lună, Business 249 lei/lună, cu 0% comision pe rezervări. Înscriere: https://www.trevoro.ro/proprietari"
"1983","Ladyna","pensiune","Romania","Oraş Sebiş","Arad","","pensiunealadyna@yahoo.com","https://www.facebook.com/PensiuneaLadyna/","nou","Bună ziua! Vă contactez din partea Trevoro, platformă românească pentru proprietari de cazări. Planuri transparente: Basic 99 lei/lună, Premium 149 lei/lună, Business 249 lei/lună, cu 0% comision pe rezervări. Înscriere: https://www.trevoro.ro/proprietari"
"1984","Onyx","pensiune","Romania","Oraş Sebiş","Arad","","roflav.company@gmail.com","https://www.facebook.com/motelrestaurantonyxsebis/","nou","Bună ziua! Vă contactez din partea Trevoro, platformă românească pentru proprietari de cazări. Planuri transparente: Basic 99 lei/lună, Premium 149 lei/lună, Business 249 lei/lună, cu 0% comision pe rezervări. Înscriere: https://www.trevoro.ro/proprietari"
"1995","Valentino","pensiune","Romania","Albeştii De Argeş","Argeş","","","https://ro-ro.facebook.com/Pensiunea-Valentino-658331627691455/about/","nou","Bună ziua! Vă contactez din partea Trevoro, platformă românească pentru proprietari de cazări. Planuri transparente: Basic 99 lei/lună, Premium 149 lei/lună, Business 249 lei/lună, cu 0% comision pe rezervări. Înscriere: https://www.trevoro.ro/proprietari"
"1996","La Doctorul","pensiune","Romania","Albeştii De Argeş","Argeş","","","https://www.facebook.com/PensiuneaLaDoctorul/","nou","Bună ziua! Vă contactez din partea Trevoro, platformă românească pentru proprietari de cazări. Planuri transparente: Basic 99 lei/lună, Premium 149 lei/lună, Business 249 lei/lună, cu 0% comision pe rezervări. Înscriere: https://www.trevoro.ro/proprietari"
"1997","Valea Argeşului","pensiune","Romania","Albeştii De Argeş","Argeş","","","https://www.facebook.com/turistpersempre/","nou","Bună ziua! Vă contactez din partea Trevoro, platformă românească pentru proprietari de cazări. Planuri transparente: Basic 99 lei/lună, Premium 149 lei/lună, Business 249 lei/lună, cu 0% comision pe rezervări. Înscriere: https://www.trevoro.ro/proprietari"
"2003","Relly","pensiune","Romania","Albota","Argeş","","","https://ro-ro.facebook.com/PensiuneaRellyAlbota/","nou","Bună ziua! Vă contactez din partea Trevoro, platformă românească pentru proprietari de cazări. Planuri transparente: Basic 99 lei/lună, Premium 149 lei/lună, Business 249 lei/lună, cu 0% comision pe rezervări. Înscriere: https://www.trevoro.ro/proprietari"
"2016","Drumul Voievozilor","pensiune","Romania","Arefu","Argeş","","","https://ro-ro.facebook.com/pages/category/Motel/Pensiunea-Drumul-Voievozilor-1574560586175322/","nou","Bună ziua! Vă contactez din partea Trevoro, platformă românească pentru proprietari de cazări. Planuri transparente: Basic 99 lei/lună, Premium 149 lei/lună, Business 249 lei/lună, cu 0% comision pe rezervări. Înscriere: https://www.trevoro.ro/proprietari"
"2019","Lac","pensiune","Romania","Arefu","Argeş","","","https://www.facebook.com/pensiunealacvidraru/","nou","Bună ziua! Vă contactez din partea Trevoro, platformă românească pentru proprietari de cazări. Planuri transparente: Basic 99 lei/lună, Premium 149 lei/lună, Business 249 lei/lună, cu 0% comision pe rezervări. Înscriere: https://www.trevoro.ro/proprietari"
"2034","Adonis","pensiune","Romania","Arefu","Argeş","","","https://ro-ro.facebook.com/pages/category/Local-Business/Pensiunea-Adonis-289952274462476/","nou","Bună ziua! Vă contactez din partea Trevoro, platformă românească pentru proprietari de cazări. Planuri transparente: Basic 99 lei/lună, Premium 149 lei/lună, Business 249 lei/lună, cu 0% comision pe rezervări. Înscriere: https://www.trevoro.ro/proprietari"
"2035","Bella Vista","pensiune","Romania","Arefu","Argeş","","","https://www.facebook.com/people/Pensiunea-BELLA-VISTA/100063762615426/","nou","Bună ziua! Vă contactez din partea Trevoro, platformă românească pentru proprietari de cazări. Planuri transparente: Basic 99 lei/lună, Premium 149 lei/lună, Business 249 lei/lună, cu 0% comision pe rezervări. Înscriere: https://www.trevoro.ro/proprietari"
"2044","Micuţul Vrăjitor","pensiune","Romania","Arefu","Argeş","","alexandru.birsan@yahoo.com","https://ro-ro.facebook.com/pensiuneamicutulvrajitor/","nou","Bună ziua! Vă contactez din partea Trevoro, platformă românească pentru proprietari de cazări. Planuri transparente: Basic 99 lei/lună, Premium 149 lei/lună, Business 249 lei/lună, cu 0% comision pe rezervări. Înscriere: https://www.trevoro.ro/proprietari"
"2069","Trust","pensiune","Romania","Bascov","Argeş","","","https://ro-ro.facebook.com/pages/category/Hotel---Lodging/Pensiunea-Trust-1996372044014029/","nou","Bună ziua! Vă contactez din partea Trevoro, platformă românească pentru proprietari de cazări. Planuri transparente: Basic 99 lei/lună, Premium 149 lei/lună, Business 249 lei/lună, cu 0% comision pe rezervări. Înscriere: https://www.trevoro.ro/proprietari"
"2074","Cascada Râuşor","pensiune","Romania","Berevoeşti","Argeş","","gratiela_84@yahoo.com","https://ro-ro.facebook.com/pastravaria.cascada.rausor/","nou","Bună ziua! Vă contactez din partea Trevoro, platformă românească pentru proprietari de cazări. Planuri transparente: Basic 99 lei/lună, Premium 149 lei/lună, Business 249 lei/lună, cu 0% comision pe rezervări. Înscriere: https://www.trevoro.ro/proprietari"
"2075","Conacul Sfânta Elena","pensiune","Romania","Berevoeşti","Argeş","","conaculsfantaelena@gmail.com","https://ro-ro.facebook.com/ConacSfantaElena/","nou","Bună ziua! Vă contactez din partea Trevoro, platformă românească pentru proprietari de cazări. Planuri transparente: Basic 99 lei/lună, Premium 149 lei/lună, Business 249 lei/lună, cu 0% comision pe rezervări. Înscriere: https://www.trevoro.ro/proprietari"
"2092","Ioana","pensiune","Romania","Brăduleţ","Argeş","","","https://ro-ro.facebook.com/PensiuneaagroturisticaIoana/","nou","Bună ziua! Vă contactez din partea Trevoro, platformă românească pentru proprietari de cazări. Planuri transparente: Basic 99 lei/lună, Premium 149 lei/lună, Business 249 lei/lună, cu 0% comision pe rezervări. Înscriere: https://www.trevoro.ro/proprietari"
"2100","Margareta","pensiune","Romania","Budeasa","Argeş","","","https://ro-ro.facebook.com/cazarebudeasa/","nou","Bună ziua! Vă contactez din partea Trevoro, platformă românească pentru proprietari de cazări. Planuri transparente: Basic 99 lei/lună, Premium 149 lei/lună, Business 249 lei/lună, cu 0% comision pe rezervări. Înscriere: https://www.trevoro.ro/proprietari"
"2113","Lac Călineşti","pensiune","Romania","Călineşti","Argeş","","favorit_bt@yahoo.com","https://www.facebook.com/complex.lac.calinesti/","nou","Bună ziua! Vă contactez din partea Trevoro, platformă românească pentru proprietari de cazări. Planuri transparente: Basic 99 lei/lună, Premium 149 lei/lună, Business 249 lei/lună, cu 0% comision pe rezervări. Înscriere: https://www.trevoro.ro/proprietari"
"2115","Eden","pensiune","Romania","Cicăneşti","Argeş","","","https://ro-ro.facebook.com/pensiuneaedencicanesti/","nou","Bună ziua! Vă contactez din partea Trevoro, platformă românească pentru proprietari de cazări. Planuri transparente: Basic 99 lei/lună, Premium 149 lei/lună, Business 249 lei/lună, cu 0% comision pe rezervări. Înscriere: https://www.trevoro.ro/proprietari"
"2136","No-Coment Rustic","pensiune","Romania","Corbeni","Argeş","","","https://www.facebook.com/Pensiunea-No-Comment-Rustic-573885646039640/","nou","Bună ziua! Vă contactez din partea Trevoro, platformă românească pentru proprietari de cazări. Planuri transparente: Basic 99 lei/lună, Premium 149 lei/lună, Business 249 lei/lună, cu 0% comision pe rezervări. Înscriere: https://www.trevoro.ro/proprietari"
"2146","Pomi","pensiune","Romania","Corbeni","Argeş","","","https://www.facebook.com/Pensiunea-Pomi-206889292832128/","nou","Bună ziua! Vă contactez din partea Trevoro, platformă românească pentru proprietari de cazări. Planuri transparente: Basic 99 lei/lună, Premium 149 lei/lună, Business 249 lei/lună, cu 0% comision pe rezervări. Înscriere: https://www.trevoro.ro/proprietari"
"2155","Heaven Guest House","pensiune","Romania","Corbeni","Argeş","","pensiunemartacu@yahoo.com","https://m.facebook.com/Heaven-Guesthouse-455422708172109/","nou","Bună ziua! Vă contactez din partea Trevoro, platformă românească pentru proprietari de cazări. Planuri transparente: Basic 99 lei/lună, Premium 149 lei/lună, Business 249 lei/lună, cu 0% comision pe rezervări. Înscriere: https://www.trevoro.ro/proprietari"
"2162","Xandra","pensiune","Romania","Corbi","Argeş","","","https://ro-ro.facebook.com/PensiuneaXandraArges/","nou","Bună ziua! Vă contactez din partea Trevoro, platformă românească pentru proprietari de cazări. Planuri transparente: Basic 99 lei/lună, Premium 149 lei/lună, Business 249 lei/lună, cu 0% comision pe rezervări. Înscriere: https://www.trevoro.ro/proprietari"
"2181","Cerbul","pensiune","Romania","Dâmbovicioara","Argeş","","","https://www.facebook.com/Pensiunea-Cerbul-Dambovicioara-151276295025133/","nou","Bună ziua! Vă contactez din partea Trevoro, platformă românească pentru proprietari de cazări. Planuri transparente: Basic 99 lei/lună, Premium 149 lei/lună, Business 249 lei/lună, cu 0% comision pe rezervări. Înscriere: https://www.trevoro.ro/proprietari"
"2186","Mari & Mada","pensiune","Romania","Dâmbovicioara","Argeş","","uretu.larisa@yahoo.com","https://ro-ro.facebook.com/nicoletarambu/","nou","Bună ziua! Vă contactez din partea Trevoro, platformă românească pentru proprietari de cazări. Planuri transparente: Basic 99 lei/lună, Premium 149 lei/lună, Business 249 lei/lună, cu 0% comision pe rezervări. Înscriere: https://www.trevoro.ro/proprietari"
"2188","Piatra Craiului","pensiune","Romania","Dâmbovicioara","Argeş","","","https://www.facebook.com/pensiuneapiatracraiuluiarges/","nou","Bună ziua! Vă contactez din partea Trevoro, platformă românească pentru proprietari de cazări. Planuri transparente: Basic 99 lei/lună, Premium 149 lei/lună, Business 249 lei/lună, cu 0% comision pe rezervări. Înscriere: https://www.trevoro.ro/proprietari"
"2190","Casa Adina","pensiune","Romania","Dâmbovicioara","Argeş","","","https://ro-ro.facebook.com/pages/category/Bed-and-Breakfast/PENSIUNEA-CASA-ADINA-202737196417668/","nou","Bună ziua! Vă contactez din partea Trevoro, platformă românească pentru proprietari de cazări. Planuri transparente: Basic 99 lei/lună, Premium 149 lei/lună, Business 249 lei/lună, cu 0% comision pe rezervări. Înscriere: https://www.trevoro.ro/proprietari"
"2194","Casa Europan","pensiune","Romania","Dâmbovicioara","Argeş","","","https://ro-ro.facebook.com/pensiuneacasaeuropan/","nou","Bună ziua! Vă contactez din partea Trevoro, platformă românească pentru proprietari de cazări. Planuri transparente: Basic 99 lei/lună, Premium 149 lei/lună, Business 249 lei/lună, cu 0% comision pe rezervări. Înscriere: https://www.trevoro.ro/proprietari"
"2199","Casa Soarelui","pensiune","Romania","Dâmbovicioara","Argeş","","tamasicarmen@gmail.com","https://ro-ro.facebook.com/pensiuneacasasoarelui/","nou","Bună ziua! Vă contactez din partea Trevoro, platformă românească pentru proprietari de cazări. Planuri transparente: Basic 99 lei/lună, Premium 149 lei/lună, Business 249 lei/lună, cu 0% comision pe rezervări. Înscriere: https://www.trevoro.ro/proprietari"
"2200","Cetatea Piatra Craiului","pensiune","Romania","Dâmbovicioara","Argeş","","","https://www.facebook.com/pages/category/Local-business/Pensiunea-Cetatea-Piatra-Craiului-347197649064513/","nou","Bună ziua! Vă contactez din partea Trevoro, platformă românească pentru proprietari de cazări. Planuri transparente: Basic 99 lei/lună, Premium 149 lei/lună, Business 249 lei/lună, cu 0% comision pe rezervări. Înscriere: https://www.trevoro.ro/proprietari"
"2206","Oltenaşul","pensiune","Romania","Dâmbovicioara","Argeş","","olteanuiondorin@gmail.com","https://www.facebook.com/Oltenasul/","nou","Bună ziua! Vă contactez din partea Trevoro, platformă românească pentru proprietari de cazări. Planuri transparente: Basic 99 lei/lună, Premium 149 lei/lună, Business 249 lei/lună, cu 0% comision pe rezervări. Înscriere: https://www.trevoro.ro/proprietari"
"2229","Jupâniţa","pensiune","Romania","Lereşti","Argeş","","","https://ro-ro.facebook.com/pensiunea.jupanitei/","nou","Bună ziua! Vă contactez din partea Trevoro, platformă românească pentru proprietari de cazări. Planuri transparente: Basic 99 lei/lună, Premium 149 lei/lună, Business 249 lei/lună, cu 0% comision pe rezervări. Înscriere: https://www.trevoro.ro/proprietari"
"2238","Săsească","pensiune","Romania","Lereşti","Argeş","","sasugabriel@yahoo.com","https://ro-ro.facebook.com/pensiuneasaseasca/","nou","Bună ziua! Vă contactez din partea Trevoro, platformă românească pentru proprietari de cazări. Planuri transparente: Basic 99 lei/lună, Premium 149 lei/lună, Business 249 lei/lună, cu 0% comision pe rezervări. Înscriere: https://www.trevoro.ro/proprietari"
"2240","Lacul","pensiune","Romania","Lunca Corbului","Argeş","","ungureanuelena33@yahoo.com","https://www.facebook.com/pensiunealacul/","nou","Bună ziua! Vă contactez din partea Trevoro, platformă românească pentru proprietari de cazări. Planuri transparente: Basic 99 lei/lună, Premium 149 lei/lună, Business 249 lei/lună, cu 0% comision pe rezervări. Înscriere: https://www.trevoro.ro/proprietari"
"2244","Diana","pensiune","Romania","Mărăcineni","Argeş","","","https://m.facebook.com/Pensiunea-Diana-383921958607997/","nou","Bună ziua! Vă contactez din partea Trevoro, platformă românească pentru proprietari de cazări. Planuri transparente: Basic 99 lei/lună, Premium 149 lei/lună, Business 249 lei/lună, cu 0% comision pe rezervări. Înscriere: https://www.trevoro.ro/proprietari"
"2253","Cristiion","pensiune","Romania","Mioarele","Argeş","","","https://ro-ro.facebook.com/Cazare.Cristiion/","nou","Bună ziua! Vă contactez din partea Trevoro, platformă românească pentru proprietari de cazări. Planuri transparente: Basic 99 lei/lună, Premium 149 lei/lună, Business 249 lei/lună, cu 0% comision pe rezervări. Înscriere: https://www.trevoro.ro/proprietari"
"2269","La Mica Ani","pensiune","Romania","Nucşoara","Argeş","","lamicaani@gmail.com","https://www.facebook.com/LamicaAni/","nou","Bună ziua! Vă contactez din partea Trevoro, platformă românească pentru proprietari de cazări. Planuri transparente: Basic 99 lei/lună, Premium 149 lei/lună, Business 249 lei/lună, cu 0% comision pe rezervări. Înscriere: https://www.trevoro.ro/proprietari"
"2303","Maria","pensiune","Romania","Rucăr","Argeş","","","https://ro-ro.facebook.com/pensiunea.mariarucar","nou","Bună ziua! Vă contactez din partea Trevoro, platformă românească pentru proprietari de cazări. Planuri transparente: Basic 99 lei/lună, Premium 149 lei/lună, Business 249 lei/lună, cu 0% comision pe rezervări. Înscriere: https://www.trevoro.ro/proprietari"
"2305","Pappacabana","pensiune","Romania","Rucăr","Argeş","","","https://ro-ro.facebook.com/pages/category/Bed-and-Breakfast/PENSIUNEA-PAPPACABANA-293538217323465/","nou","Bună ziua! Vă contactez din partea Trevoro, platformă românească pentru proprietari de cazări. Planuri transparente: Basic 99 lei/lună, Premium 149 lei/lună, Business 249 lei/lună, cu 0% comision pe rezervări. Înscriere: https://www.trevoro.ro/proprietari"
"2306","Păpuşa","pensiune","Romania","Rucăr","Argeş","","marius.pirnuta@yahoo.com","https://ro-ro.facebook.com/pensiuneapapusarucar/","nou","Bună ziua! Vă contactez din partea Trevoro, platformă românească pentru proprietari de cazări. Planuri transparente: Basic 99 lei/lună, Premium 149 lei/lună, Business 249 lei/lună, cu 0% comision pe rezervări. Înscriere: https://www.trevoro.ro/proprietari"
"2309","Roxy","pensiune","Romania","Rucăr","Argeş","","","https://www.facebook.com/pensiunearoxy/","nou","Bună ziua! Vă contactez din partea Trevoro, platformă românească pentru proprietari de cazări. Planuri transparente: Basic 99 lei/lună, Premium 149 lei/lună, Business 249 lei/lună, cu 0% comision pe rezervări. Înscriere: https://www.trevoro.ro/proprietari"
"2313","Valea Cascadelor","pensiune","Romania","Rucăr","Argeş","","","https://ro-ro.facebook.com/pensiunea.poiana.uliului","nou","Bună ziua! Vă contactez din partea Trevoro, platformă românească pentru proprietari de cazări. Planuri transparente: Basic 99 lei/lună, Premium 149 lei/lună, Business 249 lei/lună, cu 0% comision pe rezervări. Înscriere: https://www.trevoro.ro/proprietari"
"2321","Casa De Vacanţă Piatra Craiului","pensiune","Romania","Rucăr","Argeş","","office@pensiunepiatracraiului.ro","https://ro-ro.facebook.com/pensiunepiatracraiului/","nou","Bună ziua! Vă contactez din partea Trevoro, platformă românească pentru proprietari de cazări. Planuri transparente: Basic 99 lei/lună, Premium 149 lei/lună, Business 249 lei/lună, cu 0% comision pe rezervări. Înscriere: https://www.trevoro.ro/proprietari"
"2323","Casa Dintre Munti","pensiune","Romania","Rucăr","Argeş","","staicuvlad@yahoo.com","https://m.facebook.com/story.php?story_fbid=104928995310740&id=104649902005316&m_entstream_source=timeline","nou","Bună ziua! Vă contactez din partea Trevoro, platformă românească pentru proprietari de cazări. Planuri transparente: Basic 99 lei/lună, Premium 149 lei/lună, Business 249 lei/lună, cu 0% comision pe rezervări. Înscriere: https://www.trevoro.ro/proprietari"
"2328","El Monte","pensiune","Romania","Rucăr","Argeş","","elmonte649@gmail.com","https://ro-ro.facebook.com/pensiuneaelmonte/","nou","Bună ziua! Vă contactez din partea Trevoro, platformă românească pentru proprietari de cazări. Planuri transparente: Basic 99 lei/lună, Premium 149 lei/lună, Business 249 lei/lună, cu 0% comision pe rezervări. Înscriere: https://www.trevoro.ro/proprietari"
"2331","Muntele Verde","pensiune","Romania","Rucăr","Argeş","","alpinterra@gmail.com","https://ro-ro.facebook.com/pages/category/Travel-Service/Pensiunea-Muntele-Verde-287488488512769/","nou","Bună ziua! Vă contactez din partea Trevoro, platformă românească pentru proprietari de cazări. Planuri transparente: Basic 99 lei/lună, Premium 149 lei/lună, Business 249 lei/lună, cu 0% comision pe rezervări. Înscriere: https://www.trevoro.ro/proprietari"
"2344","Floricel","pensiune","Romania","Stoeneşti","Argeş","","","https://www.facebook.com/pensiuneafloricel/","nou","Bună ziua! Vă contactez din partea Trevoro, platformă românească pentru proprietari de cazări. Planuri transparente: Basic 99 lei/lună, Premium 149 lei/lună, Business 249 lei/lună, cu 0% comision pe rezervări. Înscriere: https://www.trevoro.ro/proprietari"
"2347","Paradis","pensiune","Romania","Valea Danului","Argeş","","","https://ro-ro.facebook.com/pages/category/Hotel/Pensiunea-Paradis-489953624444803/","nou","Bună ziua! Vă contactez din partea Trevoro, platformă românească pentru proprietari de cazări. Planuri transparente: Basic 99 lei/lună, Premium 149 lei/lună, Business 249 lei/lună, cu 0% comision pe rezervări. Înscriere: https://www.trevoro.ro/proprietari"
"2350","Nicol","pensiune","Romania","Valea Iaşului","Argeş","","","https://ro-ro.facebook.com/pages/category/Hotel-Resort/Pensiunea-Curtea-de-Arges-Nicol-466792787000654/","nou","Bună ziua! Vă contactez din partea Trevoro, platformă românească pentru proprietari de cazări. Planuri transparente: Basic 99 lei/lună, Premium 149 lei/lună, Business 249 lei/lună, cu 0% comision pe rezervări. Înscriere: https://www.trevoro.ro/proprietari"
"2352","Păstrăvăria Nămăieşti","pensiune","Romania","Valea Mare Pravăţ","Argeş","","pastravaria.namaiesti@gmail.com","https://ro-ro.facebook.com/www.pastravarianamaiesti.ro/","nou","Bună ziua! Vă contactez din partea Trevoro, platformă românească pentru proprietari de cazări. Planuri transparente: Basic 99 lei/lună, Premium 149 lei/lună, Business 249 lei/lună, cu 0% comision pe rezervări. Înscriere: https://www.trevoro.ro/proprietari"
"2360","Casa Blanca","pensiune","Romania","Câmpulung","Argeş","","","https://ro-ro.facebook.com/PensiuneCasaBlanca/","nou","Bună ziua! Vă contactez din partea Trevoro, platformă românească pentru proprietari de cazări. Planuri transparente: Basic 99 lei/lună, Premium 149 lei/lună, Business 249 lei/lună, cu 0% comision pe rezervări. Înscriere: https://www.trevoro.ro/proprietari"
"2361","Casa Cristina","pensiune","Romania","Câmpulung","Argeş","","","https://ro-ro.facebook.com/CasaCristinaCampulung/","nou","Bună ziua! Vă contactez din partea Trevoro, platformă românească pentru proprietari de cazări. Planuri transparente: Basic 99 lei/lună, Premium 149 lei/lună, Business 249 lei/lună, cu 0% comision pe rezervări. Înscriere: https://www.trevoro.ro/proprietari"
"2377","Valea Ursului","pensiune","Romania","Câmpulung","Argeş","","","https://ro-ro.facebook.com/PensiuneaValeaUrsului/","nou","Bună ziua! Vă contactez din partea Trevoro, platformă românească pentru proprietari de cazări. Planuri transparente: Basic 99 lei/lună, Premium 149 lei/lună, Business 249 lei/lună, cu 0% comision pe rezervări. Înscriere: https://www.trevoro.ro/proprietari"
"2389","Clasic","pensiune","Romania","Curtea De Argeş","Argeş","","cristi_grin@yahoo.com","https://www.facebook.com/grim.curteadearges/","nou","Bună ziua! Vă contactez din partea Trevoro, platformă românească pentru proprietari de cazări. Planuri transparente: Basic 99 lei/lună, Premium 149 lei/lună, Business 249 lei/lună, cu 0% comision pe rezervări. Înscriere: https://www.trevoro.ro/proprietari"
"2404","Mikelis International","pensiune","Romania","Curtea De Argeş","Argeş","","","https://ro-ro.facebook.com/PensiuneaMIKELIS/","nou","Bună ziua! Vă contactez din partea Trevoro, platformă românească pentru proprietari de cazări. Planuri transparente: Basic 99 lei/lună, Premium 149 lei/lună, Business 249 lei/lună, cu 0% comision pe rezervări. Înscriere: https://www.trevoro.ro/proprietari"
"2405","Montana","pensiune","Romania","Curtea De Argeş","Argeş","","","https://ro-ro.facebook.com/montana.arges/","nou","Bună ziua! Vă contactez din partea Trevoro, platformă românească pentru proprietari de cazări. Planuri transparente: Basic 99 lei/lună, Premium 149 lei/lună, Business 249 lei/lună, cu 0% comision pe rezervări. Înscriere: https://www.trevoro.ro/proprietari"
"2409","Rai","pensiune","Romania","Curtea De Argeş","Argeş","","","https://ro-ro.facebook.com/PensiuneRaiCurteaDeArges/","nou","Bună ziua! Vă contactez din partea Trevoro, platformă românească pentru proprietari de cazări. Planuri transparente: Basic 99 lei/lună, Premium 149 lei/lună, Business 249 lei/lună, cu 0% comision pe rezervări. Înscriere: https://www.trevoro.ro/proprietari"
"2419","Voievozilor","pensiune","Romania","Curtea De Argeş","Argeş","","","https://www.facebook.com/Pensiunea-voievozilor-100693521736043/","nou","Bună ziua! Vă contactez din partea Trevoro, platformă românească pentru proprietari de cazări. Planuri transparente: Basic 99 lei/lună, Premium 149 lei/lună, Business 249 lei/lună, cu 0% comision pe rezervări. Înscriere: https://www.trevoro.ro/proprietari"
"2459","Sanedo","pensiune","Romania","Piteşti","Argeş","","","https://ro-ro.facebook.com/hotelsanedo/","nou","Bună ziua! Vă contactez din partea Trevoro, platformă românească pentru proprietari de cazări. Planuri transparente: Basic 99 lei/lună, Premium 149 lei/lună, Business 249 lei/lună, cu 0% comision pe rezervări. Înscriere: https://www.trevoro.ro/proprietari"
"2470","Olymp","pensiune","Romania","Mioveni","Argeş","","","https://www.facebook.com/pensiuneaolymp/","nou","Bună ziua! Vă contactez din partea Trevoro, platformă românească pentru proprietari de cazări. Planuri transparente: Basic 99 lei/lună, Premium 149 lei/lună, Business 249 lei/lună, cu 0% comision pe rezervări. Înscriere: https://www.trevoro.ro/proprietari"
"2473","Veneţia Mariaj","pensiune","Romania","Mioveni","Argeş","","office@venetiamariajmioveni.ro","https://ro-ro.facebook.com/RestaurantVenetiaMariaj/","nou","Bună ziua! Vă contactez din partea Trevoro, platformă românească pentru proprietari de cazări. Planuri transparente: Basic 99 lei/lună, Premium 149 lei/lună, Business 249 lei/lună, cu 0% comision pe rezervări. Înscriere: https://www.trevoro.ro/proprietari"
"2476","Valmar","pensiune","Romania","Oraş Topoloveni","Argeş","","","https://ro-ro.facebook.com/pensiunea.valmar/","nou","Bună ziua! Vă contactez din partea Trevoro, platformă românească pentru proprietari de cazări. Planuri transparente: Basic 99 lei/lună, Premium 149 lei/lună, Business 249 lei/lună, cu 0% comision pe rezervări. Înscriere: https://www.trevoro.ro/proprietari"
"2506","Bianca","pensiune","Romania","Hemeiuş","Bacău","","","https://www.facebook.com/Pensiunea-Bianca-1397688057189787/","nou","Bună ziua! Vă contactez din partea Trevoro, platformă românească pentru proprietari de cazări. Planuri transparente: Basic 99 lei/lună, Premium 149 lei/lună, Business 249 lei/lună, cu 0% comision pe rezervări. Înscriere: https://www.trevoro.ro/proprietari"
"2522","Stejarul","pensiune","Romania","Mărgineni","Bacău","","pensiuneastejarulpodis@yahoo.com","https://www.facebook.com/PensiuneaStejarul/","nou","Bună ziua! Vă contactez din partea Trevoro, platformă românească pentru proprietari de cazări. Planuri transparente: Basic 99 lei/lună, Premium 149 lei/lună, Business 249 lei/lună, cu 0% comision pe rezervări. Înscriere: https://www.trevoro.ro/proprietari"
"2525","Popas Moldovenesc","pensiune","Romania","Nicolae Bălcescu","Bacău","","","https://ro-ro.facebook.com/PopasMoldovenesc","nou","Bună ziua! Vă contactez din partea Trevoro, platformă românească pentru proprietari de cazări. Planuri transparente: Basic 99 lei/lună, Premium 149 lei/lună, Business 249 lei/lună, cu 0% comision pe rezervări. Înscriere: https://www.trevoro.ro/proprietari"
"2543","Păstrăvul De Aur","pensiune","Romania","Palanca","Bacău","","","https://www.facebook.com/ionelasimihaipalistan","nou","Bună ziua! Vă contactez din partea Trevoro, platformă românească pentru proprietari de cazări. Planuri transparente: Basic 99 lei/lună, Premium 149 lei/lună, Business 249 lei/lună, cu 0% comision pe rezervări. Înscriere: https://www.trevoro.ro/proprietari"
"2551","Hanul Lui Matei 2","pensiune","Romania","Sănduleni","Bacău","","","https://www.facebook.com/pages/category/Breakfast---Brunch-Restaurant/Hanul-lui-Matei-454479271324424/","nou","Bună ziua! Vă contactez din partea Trevoro, platformă românească pentru proprietari de cazări. Planuri transparente: Basic 99 lei/lună, Premium 149 lei/lună, Business 249 lei/lună, cu 0% comision pe rezervări. Înscriere: https://www.trevoro.ro/proprietari"
"2634","Monden","pensiune","Romania","Moineşti","Bacău","","adinaelena1@yahoo.com","https://ro-ro.facebook.com/pensiuneamonden/","nou","Bună ziua! Vă contactez din partea Trevoro, platformă românească pentru proprietari de cazări. Planuri transparente: Basic 99 lei/lună, Premium 149 lei/lună, Business 249 lei/lună, cu 0% comision pe rezervări. Înscriere: https://www.trevoro.ro/proprietari"
"2683","Cosalina Grande","pensiune","Romania","Oraş Slănic Moldova","Bacău","","cosalinaforest@gmail.com","https://ro-ro.facebook.com/cosalinagrande/","nou","Bună ziua! Vă contactez din partea Trevoro, platformă românească pentru proprietari de cazări. Planuri transparente: Basic 99 lei/lună, Premium 149 lei/lună, Business 249 lei/lună, cu 0% comision pe rezervări. Înscriere: https://www.trevoro.ro/proprietari"
"2684","Cosmin","pensiune","Romania","Oraş Slănic Moldova","Bacău","","","https://ro-ro.facebook.com/airoaiecatalin/","nou","Bună ziua! Vă contactez din partea Trevoro, platformă românească pentru proprietari de cazări. Planuri transparente: Basic 99 lei/lună, Premium 149 lei/lună, Business 249 lei/lună, cu 0% comision pe rezervări. Înscriere: https://www.trevoro.ro/proprietari"
"2685","Cristal","pensiune","Romania","Oraş Slănic Moldova","Bacău","","","https://ro-ro.facebook.com/complexcristal/","nou","Bună ziua! Vă contactez din partea Trevoro, platformă românească pentru proprietari de cazări. Planuri transparente: Basic 99 lei/lună, Premium 149 lei/lună, Business 249 lei/lună, cu 0% comision pe rezervări. Înscriere: https://www.trevoro.ro/proprietari"
"2709","Maria","pensiune","Romania","Oraş Slănic Moldova","Bacău","","","https://www.facebook.com/CasaMariaSlanicMoldova/","nou","Bună ziua! Vă contactez din partea Trevoro, platformă românească pentru proprietari de cazări. Planuri transparente: Basic 99 lei/lună, Premium 149 lei/lună, Business 249 lei/lună, cu 0% comision pe rezervări. Înscriere: https://www.trevoro.ro/proprietari"
"2724","Sabina","pensiune","Romania","Oraş Slănic Moldova","Bacău","","","https://www.facebook.com/cazareslanicmoldova/posts/vila-sabina-va-stau-la-dispozitie-6-locuri-de-cazare-repartizate-astfel-etaj-1-2/951882104875373/","nou","Bună ziua! Vă contactez din partea Trevoro, platformă românească pentru proprietari de cazări. Planuri transparente: Basic 99 lei/lună, Premium 149 lei/lună, Business 249 lei/lună, cu 0% comision pe rezervări. Înscriere: https://www.trevoro.ro/proprietari"
"2738","Casa Elena","pensiune","Romania","Oraş Târgu Ocna","Bacău","","pensiune.slanic@yahoo.com","https://www.facebook.com/casaelena.slanic/","nou","Bună ziua! Vă contactez din partea Trevoro, platformă românească pentru proprietari de cazări. Planuri transparente: Basic 99 lei/lună, Premium 149 lei/lună, Business 249 lei/lună, cu 0% comision pe rezervări. Înscriere: https://www.trevoro.ro/proprietari"
"2747","Cioca","pensiune","Romania","Oraş Târgu Ocna","Bacău","","victocioca@yahoo.com","https://www.facebook.com/Pensiune-Agroturistica-Cioca-265896683500387/?_rdr","nou","Bună ziua! Vă contactez din partea Trevoro, platformă românească pentru proprietari de cazări. Planuri transparente: Basic 99 lei/lună, Premium 149 lei/lună, Business 249 lei/lună, cu 0% comision pe rezervări. Înscriere: https://www.trevoro.ro/proprietari"
"2769","Poieniţa","pensiune","Romania","Aştileu","Bihor","","lidia.popa.01@gmail.com","https://www.facebook.com/PensiuneaAgroturisticaPoienita/","nou","Bună ziua! Vă contactez din partea Trevoro, platformă românească pentru proprietari de cazări. Planuri transparente: Basic 99 lei/lună, Premium 149 lei/lună, Business 249 lei/lună, cu 0% comision pe rezervări. Înscriere: https://www.trevoro.ro/proprietari"
"2785","Oana","pensiune","Romania","Balc","Bihor","","casa_curata@yahoo.com","https://www.facebook.com/PensiuneaCasaOana/","nou","Bună ziua! Vă contactez din partea Trevoro, platformă românească pentru proprietari de cazări. Planuri transparente: Basic 99 lei/lună, Premium 149 lei/lună, Business 249 lei/lună, cu 0% comision pe rezervări. Înscriere: https://www.trevoro.ro/proprietari"
"2796","Magnolia","pensiune","Romania","Biharia","Bihor","","contact@pensiunea-magnolia.ro","https://www.facebook.com/PensiuneaMagnoliaOradea/","nou","Bună ziua! Vă contactez din partea Trevoro, platformă românească pentru proprietari de cazări. Planuri transparente: Basic 99 lei/lună, Premium 149 lei/lună, Business 249 lei/lună, cu 0% comision pe rezervări. Înscriere: https://www.trevoro.ro/proprietari"
"2798","Casa Ungur","pensiune","Romania","Borod","Bihor","","cazare.casaungur@gmail.com","https://www.facebook.com/PensiuneaUngur/","nou","Bună ziua! Vă contactez din partea Trevoro, platformă românească pentru proprietari de cazări. Planuri transparente: Basic 99 lei/lună, Premium 149 lei/lună, Business 249 lei/lună, cu 0% comision pe rezervări. Înscriere: https://www.trevoro.ro/proprietari"
"2800","La Mama","pensiune","Romania","Borş","Bihor","","florionservice@yahoo.com","https://www.facebook.com/profile.php?id=100057398171594&sk=about","nou","Bună ziua! Vă contactez din partea Trevoro, platformă românească pentru proprietari de cazări. Planuri transparente: Basic 99 lei/lună, Premium 149 lei/lună, Business 249 lei/lună, cu 0% comision pe rezervări. Înscriere: https://www.trevoro.ro/proprietari"
"2802","Florina","pensiune","Romania","Bratca","Bihor","","balajionel1@gmail.com","https://www.facebook.com/pensiuneaflorina.mateasflorina","nou","Bună ziua! Vă contactez din partea Trevoro, platformă românească pentru proprietari de cazări. Planuri transparente: Basic 99 lei/lună, Premium 149 lei/lună, Business 249 lei/lună, cu 0% comision pe rezervări. Înscriere: https://www.trevoro.ro/proprietari"
"2806","Dolina","pensiune","Romania","Bratca","Bihor","","pensiuneadolina@gmail.com","https://www.facebook.com/pensiunea.dolina","nou","Bună ziua! Vă contactez din partea Trevoro, platformă românească pentru proprietari de cazări. Planuri transparente: Basic 99 lei/lună, Premium 149 lei/lună, Business 249 lei/lună, cu 0% comision pe rezervări. Înscriere: https://www.trevoro.ro/proprietari"
"2830","An De An","pensiune","Romania","Bulz","Bihor","","","https://www.facebook.com/Pensiunea-AN-de-AN-102826985078154/","nou","Bună ziua! Vă contactez din partea Trevoro, platformă românească pentru proprietari de cazări. Planuri transparente: Basic 99 lei/lună, Premium 149 lei/lună, Business 249 lei/lună, cu 0% comision pe rezervări. Înscriere: https://www.trevoro.ro/proprietari"
"2847","Marinely","pensiune","Romania","Câmpani","Bihor","","banu_cliff@yahoo.com","https://www.facebook.com/CazareArieseniVartop/","nou","Bună ziua! Vă contactez din partea Trevoro, platformă românească pentru proprietari de cazări. Planuri transparente: Basic 99 lei/lună, Premium 149 lei/lună, Business 249 lei/lună, cu 0% comision pe rezervări. Înscriere: https://www.trevoro.ro/proprietari"
"2848","Sighiştel","pensiune","Romania","Câmpani","Bihor","","tarcaplast@yahoo.com","https://m.facebook.com/Pensiune-Sighistel-321354544984476/","nou","Bună ziua! Vă contactez din partea Trevoro, platformă românească pentru proprietari de cazări. Planuri transparente: Basic 99 lei/lună, Premium 149 lei/lună, Business 249 lei/lună, cu 0% comision pe rezervări. Înscriere: https://www.trevoro.ro/proprietari"
"2854","Daiadela","pensiune","Romania","Ceica","Bihor","","","https://www.facebook.com/pensiunea.daiadela","nou","Bună ziua! Vă contactez din partea Trevoro, platformă românească pentru proprietari de cazări. Planuri transparente: Basic 99 lei/lună, Premium 149 lei/lună, Business 249 lei/lună, cu 0% comision pe rezervări. Înscriere: https://www.trevoro.ro/proprietari"
"2856","21 Am","pensiune","Romania","Ciumeghiu","Bihor","","","https://www.facebook.com/pensiunea21am/","nou","Bună ziua! Vă contactez din partea Trevoro, platformă românească pentru proprietari de cazări. Planuri transparente: Basic 99 lei/lună, Premium 149 lei/lună, Business 249 lei/lună, cu 0% comision pe rezervări. Înscriere: https://www.trevoro.ro/proprietari"
"2858","Sanda","pensiune","Romania","Curăţele","Bihor","","debrentifloare@yahoo.com","https://www.facebook.com/coadalacului.vilasanda","nou","Bună ziua! Vă contactez din partea Trevoro, platformă românească pentru proprietari de cazări. Planuri transparente: Basic 99 lei/lună, Premium 149 lei/lună, Business 249 lei/lună, cu 0% comision pe rezervări. Înscriere: https://www.trevoro.ro/proprietari"
"2862","Vura","pensiune","Romania","Finiş","Bihor","","vuraelisabeta@yahoo.com","https://www.facebook.com/Pensiunea-Vura-1754575938097345/","nou","Bună ziua! Vă contactez din partea Trevoro, platformă românească pentru proprietari de cazări. Planuri transparente: Basic 99 lei/lună, Premium 149 lei/lună, Business 249 lei/lună, cu 0% comision pe rezervări. Înscriere: https://www.trevoro.ro/proprietari"
"2871","Smarald","pensiune","Romania","Hidişelu De Sus","Bihor","","bercea1977@yahoo.com","https://www.facebook.com/psmarald/","nou","Bună ziua! Vă contactez din partea Trevoro, platformă românească pentru proprietari de cazări. Planuri transparente: Basic 99 lei/lună, Premium 149 lei/lună, Business 249 lei/lună, cu 0% comision pe rezervări. Înscriere: https://www.trevoro.ro/proprietari"
"2884","Han Madaras","pensiune","Romania","Mădăras","Bihor","","hanmadaras@yahoo.com","https://www.facebook.com/pensiuneahanmadaras/","nou","Bună ziua! Vă contactez din partea Trevoro, platformă românească pentru proprietari de cazări. Planuri transparente: Basic 99 lei/lună, Premium 149 lei/lună, Business 249 lei/lună, cu 0% comision pe rezervări. Înscriere: https://www.trevoro.ro/proprietari"
"2889","Codreana","pensiune","Romania","Nojorid","Bihor","","anycodrean@gmail.com","https://www.facebook.com/pensiunea.codreana","nou","Bună ziua! Vă contactez din partea Trevoro, platformă românească pentru proprietari de cazări. Planuri transparente: Basic 99 lei/lună, Premium 149 lei/lună, Business 249 lei/lună, cu 0% comision pe rezervări. Înscriere: https://www.trevoro.ro/proprietari"
"2895","Verde","pensiune","Romania","Oşorhei","Bihor","","cartierulverdecheriu@yahoo.com","https://www.facebook.com/Cartierul-VERDE-Cheriu-210034509593336/","nou","Bună ziua! Vă contactez din partea Trevoro, platformă românească pentru proprietari de cazări. Planuri transparente: Basic 99 lei/lună, Premium 149 lei/lună, Business 249 lei/lună, cu 0% comision pe rezervări. Înscriere: https://www.trevoro.ro/proprietari"
"2898","Casa Albă Oşorhei","pensiune","Romania","Oşorhei","Bihor","","cazare.casaalba@gmail.com","https://www.facebook.com/CasaAlbaOsorhei/","nou","Bună ziua! Vă contactez din partea Trevoro, platformă românească pentru proprietari de cazări. Planuri transparente: Basic 99 lei/lună, Premium 149 lei/lună, Business 249 lei/lună, cu 0% comision pe rezervări. Înscriere: https://www.trevoro.ro/proprietari"
"2910","Mirela","pensiune","Romania","Pietroasa","Bihor","","lazamirela1977@gmail.com","https://www.facebook.com/Pensiunea-Mirela-198837310284172/","nou","Bună ziua! Vă contactez din partea Trevoro, platformă românească pentru proprietari de cazări. Planuri transparente: Basic 99 lei/lună, Premium 149 lei/lună, Business 249 lei/lună, cu 0% comision pe rezervări. Înscriere: https://www.trevoro.ro/proprietari"
"2911","Otilia","pensiune","Romania","Pietroasa","Bihor","","dary_try@yahoo.com","https://www.facebook.com/Casa-Otilia-183033828894788/","nou","Bună ziua! Vă contactez din partea Trevoro, platformă românească pentru proprietari de cazări. Planuri transparente: Basic 99 lei/lună, Premium 149 lei/lună, Business 249 lei/lună, cu 0% comision pe rezervări. Înscriere: https://www.trevoro.ro/proprietari"
"2938","Woywoda","pensiune","Romania","Roşiori","Bihor","","","https://www.facebook.com/woywodaturism/","nou","Bună ziua! Vă contactez din partea Trevoro, platformă românească pentru proprietari de cazări. Planuri transparente: Basic 99 lei/lună, Premium 149 lei/lună, Business 249 lei/lună, cu 0% comision pe rezervări. Înscriere: https://www.trevoro.ro/proprietari"
"2961","Cara","pensiune","Romania","Sânmartin","Bihor","","marincaselena@gmail.com","https://www.facebook.com/pensiuneacarabailefelix/","nou","Bună ziua! Vă contactez din partea Trevoro, platformă românească pentru proprietari de cazări. Planuri transparente: Basic 99 lei/lună, Premium 149 lei/lună, Business 249 lei/lună, cu 0% comision pe rezervări. Înscriere: https://www.trevoro.ro/proprietari"
"2970","Casa Cu Pridvor","pensiune","Romania","Sânmartin","Bihor","","miha_imed@yahoo.com","https://www.facebook.com/Pensiunea-Casa-cu-pridvor-808547602606776/","nou","Bună ziua! Vă contactez din partea Trevoro, platformă românească pentru proprietari de cazări. Planuri transparente: Basic 99 lei/lună, Premium 149 lei/lună, Business 249 lei/lună, cu 0% comision pe rezervări. Înscriere: https://www.trevoro.ro/proprietari"
"2991","Connyland","pensiune","Romania","Sânmartin","Bihor","","pensiuneaconnyland@gmail.com","https://www.facebook.com/pensiuneaconnyland/","nou","Bună ziua! Vă contactez din partea Trevoro, platformă românească pentru proprietari de cazări. Planuri transparente: Basic 99 lei/lună, Premium 149 lei/lună, Business 249 lei/lună, cu 0% comision pe rezervări. Înscriere: https://www.trevoro.ro/proprietari"
"2992","Cory","pensiune","Romania","Sânmartin","Bihor","","popcristi82@gmail.com","https://www.facebook.com/pensiuneacory/","nou","Bună ziua! Vă contactez din partea Trevoro, platformă românească pentru proprietari de cazări. Planuri transparente: Basic 99 lei/lună, Premium 149 lei/lună, Business 249 lei/lună, cu 0% comision pe rezervări. Înscriere: https://www.trevoro.ro/proprietari"
"2994","Damiris","pensiune","Romania","Sânmartin","Bihor","","pensiuneadamiris@yahoo.com","https://www.facebook.com/damirisbailefelix/","nou","Bună ziua! Vă contactez din partea Trevoro, platformă românească pentru proprietari de cazări. Planuri transparente: Basic 99 lei/lună, Premium 149 lei/lună, Business 249 lei/lună, cu 0% comision pe rezervări. Înscriere: https://www.trevoro.ro/proprietari"
"2998","Davidof","pensiune","Romania","Sânmartin","Bihor","","","https://www.facebook.com/Pensiunea-Davidof-B%C4%83ile-Felix-104145705231611/","nou","Bună ziua! Vă contactez din partea Trevoro, platformă românească pentru proprietari de cazări. Planuri transparente: Basic 99 lei/lună, Premium 149 lei/lună, Business 249 lei/lună, cu 0% comision pe rezervări. Înscriere: https://www.trevoro.ro/proprietari"
"3008","Folea","pensiune","Romania","Sânmartin","Bihor","","biacafolea31@yahoo.com","https://www.facebook.com/Cazare.Folea.BaileFelix7/","nou","Bună ziua! Vă contactez din partea Trevoro, platformă românească pentru proprietari de cazări. Planuri transparente: Basic 99 lei/lună, Premium 149 lei/lună, Business 249 lei/lună, cu 0% comision pe rezervări. Înscriere: https://www.trevoro.ro/proprietari"
"3016","Iza","pensiune","Romania","Sânmartin","Bihor","","geofirez.firez@gmail.com","https://www.facebook.com/Pensiunea-IZA-154853219646521/","nou","Bună ziua! Vă contactez din partea Trevoro, platformă românească pentru proprietari de cazări. Planuri transparente: Basic 99 lei/lună, Premium 149 lei/lună, Business 249 lei/lună, cu 0% comision pe rezervări. Înscriere: https://www.trevoro.ro/proprietari"
"3055","Sebi","pensiune","Romania","Sânmartin","Bihor","","pensiuneasebi@gmail.com","https://www.facebook.com/pensionsebi/","nou","Bună ziua! Vă contactez din partea Trevoro, platformă românească pentru proprietari de cazări. Planuri transparente: Basic 99 lei/lună, Premium 149 lei/lună, Business 249 lei/lună, cu 0% comision pe rezervări. Înscriere: https://www.trevoro.ro/proprietari"
"3058","Silvia","pensiune","Romania","Sânmartin","Bihor","","","https://www.facebook.com/pensiuneas/","nou","Bună ziua! Vă contactez din partea Trevoro, platformă românească pentru proprietari de cazări. Planuri transparente: Basic 99 lei/lună, Premium 149 lei/lună, Business 249 lei/lună, cu 0% comision pe rezervări. Înscriere: https://www.trevoro.ro/proprietari"
"3062","Tisa","pensiune","Romania","Sânmartin","Bihor","","bobosansorin@yahoo.com","https://www.facebook.com/Pensiunea-Tisa-Baile-Felix-229127940825660/","nou","Bună ziua! Vă contactez din partea Trevoro, platformă românească pentru proprietari de cazări. Planuri transparente: Basic 99 lei/lună, Premium 149 lei/lună, Business 249 lei/lună, cu 0% comision pe rezervări. Înscriere: https://www.trevoro.ro/proprietari"
"3064","Tomis","pensiune","Romania","Sânmartin","Bihor","","pensiunea_tomis@yahoo.com","https://www.facebook.com/bailefelixoradea/","nou","Bună ziua! Vă contactez din partea Trevoro, platformă românească pentru proprietari de cazări. Planuri transparente: Basic 99 lei/lună, Premium 149 lei/lună, Business 249 lei/lună, cu 0% comision pe rezervări. Înscriere: https://www.trevoro.ro/proprietari"
"3091","Hanna Felix","pensiune","Romania","Sânmartin","Bihor","","pensiunea_hanna_felix@yahoo.com","https://www.facebook.com/mihutcristianhanna","nou","Bună ziua! Vă contactez din partea Trevoro, platformă românească pentru proprietari de cazări. Planuri transparente: Basic 99 lei/lună, Premium 149 lei/lună, Business 249 lei/lună, cu 0% comision pe rezervări. Înscriere: https://www.trevoro.ro/proprietari"
"3122","Corina","pensiune","Romania","Sânmartin","Bihor","","purdaioan@yahoo.com","https://www.facebook.com/pensiuneacorina/","nou","Bună ziua! Vă contactez din partea Trevoro, platformă românească pentru proprietari de cazări. Planuri transparente: Basic 99 lei/lună, Premium 149 lei/lună, Business 249 lei/lună, cu 0% comision pe rezervări. Înscriere: https://www.trevoro.ro/proprietari"
"3136","Regal","pensiune","Romania","Sânmartin","Bihor","","regal1mai@gmail.com","https://www.facebook.com/pensiunea.regal.1mai/","nou","Bună ziua! Vă contactez din partea Trevoro, platformă românească pentru proprietari de cazări. Planuri transparente: Basic 99 lei/lună, Premium 149 lei/lună, Business 249 lei/lună, cu 0% comision pe rezervări. Înscriere: https://www.trevoro.ro/proprietari"
"3161","Casa Ica","pensiune","Romania","Sânmartin","Bihor","","casa.ica83@yahoo.com","https://www.facebook.com/PENSIUNEA-CASA-ICA-181659495212387/","nou","Bună ziua! Vă contactez din partea Trevoro, platformă românească pentru proprietari de cazări. Planuri transparente: Basic 99 lei/lună, Premium 149 lei/lună, Business 249 lei/lună, cu 0% comision pe rezervări. Înscriere: https://www.trevoro.ro/proprietari"
"3169","Casa Rad","pensiune","Romania","Sânmartin","Bihor","","pensiuneacasarad@yahoo.com","https://www.facebook.com/profile.php?id=100057155602292","nou","Bună ziua! Vă contactez din partea Trevoro, platformă românească pentru proprietari de cazări. Planuri transparente: Basic 99 lei/lună, Premium 149 lei/lună, Business 249 lei/lună, cu 0% comision pe rezervări. Înscriere: https://www.trevoro.ro/proprietari"
"3175","Diana 2","pensiune","Romania","Sânmartin","Bihor","","floricasabou@gmail.com","https://www.facebook.com/viladiana","nou","Bună ziua! Vă contactez din partea Trevoro, platformă românească pentru proprietari de cazări. Planuri transparente: Basic 99 lei/lună, Premium 149 lei/lună, Business 249 lei/lună, cu 0% comision pe rezervări. Înscriere: https://www.trevoro.ro/proprietari"
"3185","Milago","pensiune","Romania","Sânmartin","Bihor","","pensiuneamilago@gmail.com","https://www.facebook.com/Milago.home/","nou","Bună ziua! Vă contactez din partea Trevoro, platformă românească pentru proprietari de cazări. Planuri transparente: Basic 99 lei/lună, Premium 149 lei/lună, Business 249 lei/lună, cu 0% comision pe rezervări. Înscriere: https://www.trevoro.ro/proprietari"
"3186","Nella","pensiune","Romania","Sânmartin","Bihor","","nella142007@yahoo.com","https://www.facebook.com/PensiuneaNella/","nou","Bună ziua! Vă contactez din partea Trevoro, platformă românească pentru proprietari de cazări. Planuri transparente: Basic 99 lei/lună, Premium 149 lei/lună, Business 249 lei/lună, cu 0% comision pe rezervări. Înscriere: https://www.trevoro.ro/proprietari"
"3189","Rozeclas","pensiune","Romania","Sânmartin","Bihor","","rozeclas@gmail.com","https://www.facebook.com/PensiuneaRozeclas/","nou","Bună ziua! Vă contactez din partea Trevoro, platformă românească pentru proprietari de cazări. Planuri transparente: Basic 99 lei/lună, Premium 149 lei/lună, Business 249 lei/lună, cu 0% comision pe rezervări. Înscriere: https://www.trevoro.ro/proprietari"
"3190","Sanmartin","pensiune","Romania","Sânmartin","Bihor","","pensiunea.simfonia@yahoo.com","https://www.facebook.com/sanmartinrestaurantpensiune/","nou","Bună ziua! Vă contactez din partea Trevoro, platformă românească pentru proprietari de cazări. Planuri transparente: Basic 99 lei/lună, Premium 149 lei/lună, Business 249 lei/lună, cu 0% comision pe rezervări. Înscriere: https://www.trevoro.ro/proprietari"
"3192","Sephora","pensiune","Romania","Sânmartin","Bihor","","andreisifora@yahoo.com","https://www.facebook.com/Pensiunea-sephora-1705189843030767/","nou","Bună ziua! Vă contactez din partea Trevoro, platformă românească pentru proprietari de cazări. Planuri transparente: Basic 99 lei/lună, Premium 149 lei/lună, Business 249 lei/lună, cu 0% comision pe rezervări. Înscriere: https://www.trevoro.ro/proprietari"
"3195","Verde","pensiune","Romania","Sânmartin","Bihor","","rugan_corina@yahoo.com","https://www.facebook.com/Pensiunea-Verde-144234279063532/","nou","Bună ziua! Vă contactez din partea Trevoro, platformă românească pentru proprietari de cazări. Planuri transparente: Basic 99 lei/lună, Premium 149 lei/lună, Business 249 lei/lună, cu 0% comision pe rezervări. Înscriere: https://www.trevoro.ro/proprietari"
"3197","Patru Anotimpuri","pensiune","Romania","Sântandrei","Bihor","","ioana1912cozma@gmail.com","https://www.facebook.com/agropensiunea.santandrei/","nou","Bună ziua! Vă contactez din partea Trevoro, platformă românească pentru proprietari de cazări. Planuri transparente: Basic 99 lei/lună, Premium 149 lei/lună, Business 249 lei/lună, cu 0% comision pe rezervări. Înscriere: https://www.trevoro.ro/proprietari"
"3206","Casa Bucatarului","pensiune","Romania","Şuncuiuş","Bihor","","florin@casabucatarului.ro","https://www.facebook.com/casabucatarului/","nou","Bună ziua! Vă contactez din partea Trevoro, platformă românească pentru proprietari de cazări. Planuri transparente: Basic 99 lei/lună, Premium 149 lei/lună, Business 249 lei/lună, cu 0% comision pe rezervări. Înscriere: https://www.trevoro.ro/proprietari"
"3211","Lavinia","pensiune","Romania","Şuncuiuş","Bihor","","law_g96@yahoo.com","https://www.facebook.com/pensiunealaviniasuncuius","nou","Bună ziua! Vă contactez din partea Trevoro, platformă românească pentru proprietari de cazări. Planuri transparente: Basic 99 lei/lună, Premium 149 lei/lună, Business 249 lei/lună, cu 0% comision pe rezervări. Înscriere: https://www.trevoro.ro/proprietari"
"3219","Corimen","pensiune","Romania","Vadu Crişului","Bihor","","","https://www.facebook.com/pensiuneacorimen/","nou","Bună ziua! Vă contactez din partea Trevoro, platformă românească pentru proprietari de cazări. Planuri transparente: Basic 99 lei/lună, Premium 149 lei/lună, Business 249 lei/lună, cu 0% comision pe rezervări. Înscriere: https://www.trevoro.ro/proprietari"
"3222","Retreat Belvedere","pensiune","Romania","Vadu Crişului","Bihor","","hodisancarmen.rou@gmail.com","https://www.facebook.com/retreat.belvedere.vaducrisului/","nou","Bună ziua! Vă contactez din partea Trevoro, platformă românească pentru proprietari de cazări. Planuri transparente: Basic 99 lei/lună, Premium 149 lei/lună, Business 249 lei/lună, cu 0% comision pe rezervări. Înscriere: https://www.trevoro.ro/proprietari"
"3501","Premier","pensiune","Romania","Oraş Ştei","Bihor","","cupaadela@yahoo.com","https://www.facebook.com/Restaurant-Pensiune-Premier-%C8%98tei-106218337429024/","nou","Bună ziua! Vă contactez din partea Trevoro, platformă românească pentru proprietari de cazări. Planuri transparente: Basic 99 lei/lună, Premium 149 lei/lună, Business 249 lei/lună, cu 0% comision pe rezervări. Înscriere: https://www.trevoro.ro/proprietari"
"3598","Ana","pensiune","Romania","Parva","Bistriţa-Năsăud","","florita_strugari@yahoo.com","https://m.facebook.com/Agropensiunea-Ana-1199235546760019/","nou","Bună ziua! Vă contactez din partea Trevoro, platformă românească pentru proprietari de cazări. Planuri transparente: Basic 99 lei/lună, Premium 149 lei/lună, Business 249 lei/lună, cu 0% comision pe rezervări. Înscriere: https://www.trevoro.ro/proprietari"
"3658","Găbiţa","pensiune","Romania","Tiha Bârgăului","Bistriţa-Năsăud","","ionela.oniga@yahoo.com","https://www.facebook.com/PensiuneaGabita/","nou","Bună ziua! Vă contactez din partea Trevoro, platformă românească pentru proprietari de cazări. Planuri transparente: Basic 99 lei/lună, Premium 149 lei/lună, Business 249 lei/lună, cu 0% comision pe rezervări. Înscriere: https://www.trevoro.ro/proprietari"
"3668","Lorin","pensiune","Romania","Uriu","Bistriţa-Năsăud","","diana.burzo_10@yahoo.com","https://www.facebook.com/Pensiunea-Lorin-567794846710757/","nou","Bună ziua! Vă contactez din partea Trevoro, platformă românească pentru proprietari de cazări. Planuri transparente: Basic 99 lei/lună, Premium 149 lei/lună, Business 249 lei/lună, cu 0% comision pe rezervări. Înscriere: https://www.trevoro.ro/proprietari"
"3760","Casa Morarului","pensiune","Romania","Curteşti","Botoşani","","olaru.constantin49@gmail.com","https://fr-fr.facebook.com/Casa-Morarului-Boto%C8%99ani-106235561746442/","nou","Bună ziua! Vă contactez din partea Trevoro, platformă românească pentru proprietari de cazări. Planuri transparente: Basic 99 lei/lună, Premium 149 lei/lună, Business 249 lei/lună, cu 0% comision pe rezervări. Înscriere: https://www.trevoro.ro/proprietari"
"3773","Cai De Vis","pensiune","Romania","Vârfu Câmpului","Botoşani","","caidevis@yahoo.com","https://ro-ro.facebook.com/caidevis/","nou","Bună ziua! Vă contactez din partea Trevoro, platformă românească pentru proprietari de cazări. Planuri transparente: Basic 99 lei/lună, Premium 149 lei/lună, Business 249 lei/lună, cu 0% comision pe rezervări. Înscriere: https://www.trevoro.ro/proprietari"
"3784","Elda","pensiune","Romania","Botoşani","Botoşani","","","https://www.facebook.com/pensiuneaelda/","nou","Bună ziua! Vă contactez din partea Trevoro, platformă românească pentru proprietari de cazări. Planuri transparente: Basic 99 lei/lună, Premium 149 lei/lună, Business 249 lei/lună, cu 0% comision pe rezervări. Înscriere: https://www.trevoro.ro/proprietari"
"3788","Olimp","pensiune","Romania","Botoşani","Botoşani","","pensiuneaolimp@yahoo.com","https://www.facebook.com/Pensiunea-Olimp-814424625270533/","nou","Bună ziua! Vă contactez din partea Trevoro, platformă românească pentru proprietari de cazări. Planuri transparente: Basic 99 lei/lună, Premium 149 lei/lună, Business 249 lei/lună, cu 0% comision pe rezervări. Înscriere: https://www.trevoro.ro/proprietari"
"5871","Lacul Limpede","pensiune","Romania","Bisoca","Buzău","","","https://www.facebook.com/people/Cabana-Lacul-Limpede/100057515976328/","nou","Bună ziua! Vă contactez din partea Trevoro, platformă românească pentru proprietari de cazări. Planuri transparente: Basic 99 lei/lună, Premium 149 lei/lună, Business 249 lei/lună, cu 0% comision pe rezervări. Înscriere: https://www.trevoro.ro/proprietari"
"5874","Lavinia","pensiune","Romania","Calvini","Buzău","","","https://ro-ro.facebook.com/pensiunealavinia123/","nou","Bună ziua! Vă contactez din partea Trevoro, platformă românească pentru proprietari de cazări. Planuri transparente: Basic 99 lei/lună, Premium 149 lei/lună, Business 249 lei/lună, cu 0% comision pe rezervări. Înscriere: https://www.trevoro.ro/proprietari"
"5890","Coceanu","pensiune","Romania","Gura Teghii","Buzău","","","https://ro-ro.facebook.com/victor.stefan.735","nou","Bună ziua! Vă contactez din partea Trevoro, platformă românească pentru proprietari de cazări. Planuri transparente: Basic 99 lei/lună, Premium 149 lei/lună, Business 249 lei/lună, cu 0% comision pe rezervări. Înscriere: https://www.trevoro.ro/proprietari"
"5901","Diana","pensiune","Romania","Măgura","Buzău","","","https://www.facebook.com/Pensiunea-Agroturistica-Diana-809498505860723/","nou","Bună ziua! Vă contactez din partea Trevoro, platformă românească pentru proprietari de cazări. Planuri transparente: Basic 99 lei/lună, Premium 149 lei/lună, Business 249 lei/lună, cu 0% comision pe rezervări. Înscriere: https://www.trevoro.ro/proprietari"
"5907","Crâşmăriţa Din Buzău","pensiune","Romania","Mărăcineni","Buzău","","moaradragaicilor@gmail.com","https://www.facebook.com/Pensiunea-Cr%C3%A2%C8%99m%C4%83ri%C8%9B%C4%83-din-Buzau-439967876163079/","nou","Bună ziua! Vă contactez din partea Trevoro, platformă românească pentru proprietari de cazări. Planuri transparente: Basic 99 lei/lună, Premium 149 lei/lună, Business 249 lei/lună, cu 0% comision pe rezervări. Înscriere: https://www.trevoro.ro/proprietari"
"5932","Casa Monteoru","pensiune","Romania","Merei","Buzău","","","https://ro-ro.facebook.com/casamonteorubz/","nou","Bună ziua! Vă contactez din partea Trevoro, platformă românească pentru proprietari de cazări. Planuri transparente: Basic 99 lei/lună, Premium 149 lei/lună, Business 249 lei/lună, cu 0% comision pe rezervări. Înscriere: https://www.trevoro.ro/proprietari"
"5943","Ţara Luanei","pensiune","Romania","Merei","Buzău","","","https://ro-ro.facebook.com/PensiuneaTaraLuanei/","nou","Bună ziua! Vă contactez din partea Trevoro, platformă românească pentru proprietari de cazări. Planuri transparente: Basic 99 lei/lună, Premium 149 lei/lună, Business 249 lei/lună, cu 0% comision pe rezervări. Înscriere: https://www.trevoro.ro/proprietari"
"5948","Pensiunea Din Livadă","pensiune","Romania","Pârscov","Buzău","","","https://www.facebook.com/Pensiunea-din-livada-1675552666053699/","nou","Bună ziua! Vă contactez din partea Trevoro, platformă românească pentru proprietari de cazări. Planuri transparente: Basic 99 lei/lună, Premium 149 lei/lună, Business 249 lei/lună, cu 0% comision pe rezervări. Înscriere: https://www.trevoro.ro/proprietari"
"5952","Hanul Neptun","pensiune","Romania","Poşta Câlnău","Buzău","","","https://ro-ro.facebook.com/pages/category/Hotel/Hanul-Neptun-167146800100404/","nou","Bună ziua! Vă contactez din partea Trevoro, platformă românească pentru proprietari de cazări. Planuri transparente: Basic 99 lei/lună, Premium 149 lei/lună, Business 249 lei/lună, cu 0% comision pe rezervări. Înscriere: https://www.trevoro.ro/proprietari"
"5993","Poiana Căprioarei","pensiune","Romania","Verneşti","Buzău","","","https://ro-ro.facebook.com/www.pensiuneapoianacaprioarei.ro/","nou","Bună ziua! Vă contactez din partea Trevoro, platformă românească pentru proprietari de cazări. Planuri transparente: Basic 99 lei/lună, Premium 149 lei/lună, Business 249 lei/lună, cu 0% comision pe rezervări. Înscriere: https://www.trevoro.ro/proprietari"
"6047","Rustic","pensiune","Romania","Râmnicu Sărat","Buzău","","","https://ro-ro.facebook.com/Restaurant.Rustic.Rm.Sarat/","nou","Bună ziua! Vă contactez din partea Trevoro, platformă românească pentru proprietari de cazări. Planuri transparente: Basic 99 lei/lună, Premium 149 lei/lună, Business 249 lei/lună, cu 0% comision pe rezervări. Înscriere: https://www.trevoro.ro/proprietari"
"6048","Rustic 1","pensiune","Romania","Râmnicu Sărat","Buzău","","","https://ro-ro.facebook.com/Restaurant.Rustic.Rm.Sarat/","nou","Bună ziua! Vă contactez din partea Trevoro, platformă românească pentru proprietari de cazări. Planuri transparente: Basic 99 lei/lună, Premium 149 lei/lună, Business 249 lei/lună, cu 0% comision pe rezervări. Înscriere: https://www.trevoro.ro/proprietari"
"6052","Casa Fetic","pensiune","Romania","Nehoiu","Buzău","","emiliafetic@yahoo.com","https://ro-ro.facebook.com/CasaFetic/","nou","Bună ziua! Vă contactez din partea Trevoro, platformă românească pentru proprietari de cazări. Planuri transparente: Basic 99 lei/lună, Premium 149 lei/lună, Business 249 lei/lună, cu 0% comision pe rezervări. Înscriere: https://www.trevoro.ro/proprietari"
"6053","Maricor","pensiune","Romania","Pătârlagele","Buzău","","","https://ro-ro.facebook.com/www.maricor.ro/","nou","Bună ziua! Vă contactez din partea Trevoro, platformă românească pentru proprietari de cazări. Planuri transparente: Basic 99 lei/lună, Premium 149 lei/lună, Business 249 lei/lună, cu 0% comision pe rezervări. Înscriere: https://www.trevoro.ro/proprietari"
"6102","Mimi","pensiune","Romania","Băuţar","Caraş-Severin","","mimipension@gmail.com","https://www.facebook.com/casamimibaileherculane/","nou","Bună ziua! Vă contactez din partea Trevoro, platformă românească pentru proprietari de cazări. Planuri transparente: Basic 99 lei/lună, Premium 149 lei/lună, Business 249 lei/lună, cu 0% comision pe rezervări. Înscriere: https://www.trevoro.ro/proprietari"
"6106","Belvedere Yacht Club","pensiune","Romania","Berzasca","Caraş-Severin","","","https://www.facebook.com/PensiuneaBelvedereYachtClubBerzasca","nou","Bună ziua! Vă contactez din partea Trevoro, platformă românească pentru proprietari de cazări. Planuri transparente: Basic 99 lei/lună, Premium 149 lei/lună, Business 249 lei/lună, cu 0% comision pe rezervări. Înscriere: https://www.trevoro.ro/proprietari"
"6112","Isabella","pensiune","Romania","Berzasca","Caraş-Severin","","","https://www.facebook.com/pages/Pensiunea-Isabella-Din-Berzasca-Cara%C8%99-Severin/683810991978976","nou","Bună ziua! Vă contactez din partea Trevoro, platformă românească pentru proprietari de cazări. Planuri transparente: Basic 99 lei/lună, Premium 149 lei/lună, Business 249 lei/lună, cu 0% comision pe rezervări. Înscriere: https://www.trevoro.ro/proprietari"
"6114","Lorena","pensiune","Romania","Berzasca","Caraş-Severin","","styl_remy@yahoo.com","https://www.facebook.com/pensiunealorena","nou","Bună ziua! Vă contactez din partea Trevoro, platformă românească pentru proprietari de cazări. Planuri transparente: Basic 99 lei/lună, Premium 149 lei/lună, Business 249 lei/lună, cu 0% comision pe rezervări. Înscriere: https://www.trevoro.ro/proprietari"
"6115","Sirinia","pensiune","Romania","Berzasca","Caraş-Severin","","mirceabalaceanu1@gmail.com","https://www.facebook.com/profile.php?id=100069472665401","nou","Bună ziua! Vă contactez din partea Trevoro, platformă românească pentru proprietari de cazări. Planuri transparente: Basic 99 lei/lună, Premium 149 lei/lună, Business 249 lei/lună, cu 0% comision pe rezervări. Înscriere: https://www.trevoro.ro/proprietari"
"6127","Orizont","pensiune","Romania","Brebu Nou","Caraş-Severin","","dabosorizont@yahoo.com","https://www.facebook.com/Pensiunea-Orizont-1880244332252344/","nou","Bună ziua! Vă contactez din partea Trevoro, platformă românească pentru proprietari de cazări. Planuri transparente: Basic 99 lei/lună, Premium 149 lei/lună, Business 249 lei/lună, cu 0% comision pe rezervări. Înscriere: https://www.trevoro.ro/proprietari"
"6146","Santalia","pensiune","Romania","Buchin","Caraş-Severin","","alexandra.frant@yahoo.com","https://www.facebook.com/PensiuneaSantalia/","nou","Bună ziua! Vă contactez din partea Trevoro, platformă românească pentru proprietari de cazări. Planuri transparente: Basic 99 lei/lună, Premium 149 lei/lună, Business 249 lei/lună, cu 0% comision pe rezervări. Înscriere: https://www.trevoro.ro/proprietari"
"6148","Casa Bunicii","pensiune","Romania","Cărbunari","Caraş-Severin","","","https://www.facebook.com/casabuniciicarbunari/","nou","Bună ziua! Vă contactez din partea Trevoro, platformă românească pentru proprietari de cazări. Planuri transparente: Basic 99 lei/lună, Premium 149 lei/lună, Business 249 lei/lună, cu 0% comision pe rezervări. Înscriere: https://www.trevoro.ro/proprietari"
"6153","Căvărănţana","pensiune","Romania","Constantin Daicoviciu","Caraş-Severin","","cavarantanacompany@yahoo.com","https://www.facebook.com/cavarantanacompany/","nou","Bună ziua! Vă contactez din partea Trevoro, platformă românească pentru proprietari de cazări. Planuri transparente: Basic 99 lei/lună, Premium 149 lei/lună, Business 249 lei/lună, cu 0% comision pe rezervări. Înscriere: https://www.trevoro.ro/proprietari"
"6158","Danubio Biarox","pensiune","Romania","Coronini","Caraş-Severin","","","https://www.facebook.com/PensiuneaDanubio/","nou","Bună ziua! Vă contactez din partea Trevoro, platformă românească pentru proprietari de cazări. Planuri transparente: Basic 99 lei/lună, Premium 149 lei/lună, Business 249 lei/lună, cu 0% comision pe rezervări. Înscriere: https://www.trevoro.ro/proprietari"
"6164","Casa La Moara Din Grădină","pensiune","Romania","Eftimie Murgu","Caraş-Severin","","mary03101983@gmail.com","https://www.facebook.com/Casa-La-Moara-Din-Gr%C4%83din%C4%83-111339237332491/","nou","Bună ziua! Vă contactez din partea Trevoro, platformă românească pentru proprietari de cazări. Planuri transparente: Basic 99 lei/lună, Premium 149 lei/lună, Business 249 lei/lună, cu 0% comision pe rezervări. Înscriere: https://www.trevoro.ro/proprietari"
"6165","Danieli","pensiune","Romania","Eftimie Murgu","Caraş-Severin","","nicounici2000@yahoo.com","https://www.facebook.com/Pensiunea-Danieli-2122639344636814/","nou","Bună ziua! Vă contactez din partea Trevoro, platformă românească pentru proprietari de cazări. Planuri transparente: Basic 99 lei/lună, Premium 149 lei/lună, Business 249 lei/lună, cu 0% comision pe rezervări. Înscriere: https://www.trevoro.ro/proprietari"
"6172","Aurmar","pensiune","Romania","Glimboca","Caraş-Severin","","aurica_pascota@yahoo.ro","https://www.facebook.com/Pensiune-AurMar-1376522015975623/","nou","Bună ziua! Vă contactez din partea Trevoro, platformă românească pentru proprietari de cazări. Planuri transparente: Basic 99 lei/lună, Premium 149 lei/lună, Business 249 lei/lună, cu 0% comision pe rezervări. Înscriere: https://www.trevoro.ro/proprietari"
"6173","Hînda","pensiune","Romania","Iablaniţa","Caraş-Severin","","roxy_marry08@yahoo.com","https://www.facebook.com/AgroPensiune-H%C3%AEnda-113523574321344/","nou","Bună ziua! Vă contactez din partea Trevoro, platformă românească pentru proprietari de cazări. Planuri transparente: Basic 99 lei/lună, Premium 149 lei/lună, Business 249 lei/lună, cu 0% comision pe rezervări. Înscriere: https://www.trevoro.ro/proprietari"
"6181","Liana","pensiune","Romania","Mehadia","Caraş-Severin","","brancue@yahoo.com","https://www.facebook.com/Pensiune-Restaurant-LIANA-330686680895636/","nou","Bună ziua! Vă contactez din partea Trevoro, platformă românească pentru proprietari de cazări. Planuri transparente: Basic 99 lei/lună, Premium 149 lei/lună, Business 249 lei/lună, cu 0% comision pe rezervări. Înscriere: https://www.trevoro.ro/proprietari"
"6183","Versant Atractiv","pensiune","Romania","Mehadia","Caraş-Severin","","versantatractiv@gmail.com","https://m.facebook.com/profile.php?id=100054445333196","nou","Bună ziua! Vă contactez din partea Trevoro, platformă românească pentru proprietari de cazări. Planuri transparente: Basic 99 lei/lună, Premium 149 lei/lună, Business 249 lei/lună, cu 0% comision pe rezervări. Înscriere: https://www.trevoro.ro/proprietari"
"6191","Prigorel","pensiune","Romania","Prigor","Caraş-Severin","","dtoconita@yahoo.com","https://www.facebook.com/www.pensiuneaprigorel.ro/","nou","Bună ziua! Vă contactez din partea Trevoro, platformă românească pentru proprietari de cazări. Planuri transparente: Basic 99 lei/lună, Premium 149 lei/lună, Business 249 lei/lună, cu 0% comision pe rezervări. Înscriere: https://www.trevoro.ro/proprietari"
"6194","Eclipse","pensiune","Romania","Sacu","Caraş-Severin","","m.tavi75@yahoo.com","https://www.facebook.com/pages/Sacu-Pensiunea-Eclips/806498886056387","nou","Bună ziua! Vă contactez din partea Trevoro, platformă românească pentru proprietari de cazări. Planuri transparente: Basic 99 lei/lună, Premium 149 lei/lună, Business 249 lei/lună, cu 0% comision pe rezervări. Înscriere: https://www.trevoro.ro/proprietari"
"6196","Dady","pensiune","Romania","Sasca Montană","Caraş-Severin","","tismanar_ggg@yahoo.com","https://www.facebook.com/Pensiunea-Dady-Potoc-658550964605241/","nou","Bună ziua! Vă contactez din partea Trevoro, platformă românească pentru proprietari de cazări. Planuri transparente: Basic 99 lei/lună, Premium 149 lei/lună, Business 249 lei/lună, cu 0% comision pe rezervări. Înscriere: https://www.trevoro.ro/proprietari"
"6199","Dora Corp B","pensiune","Romania","Sasca Montană","Caraş-Severin","","mylordwest@yahoo.com","https://www.facebook.com/pensiuneadoracheilenerei/","nou","Bună ziua! Vă contactez din partea Trevoro, platformă românească pentru proprietari de cazări. Planuri transparente: Basic 99 lei/lună, Premium 149 lei/lună, Business 249 lei/lună, cu 0% comision pe rezervări. Înscriere: https://www.trevoro.ro/proprietari"
"6212","Deian","pensiune","Romania","Sicheviţa","Caraş-Severin","","","https://www.facebook.com/PensiuneaDeian/","nou","Bună ziua! Vă contactez din partea Trevoro, platformă românească pentru proprietari de cazări. Planuri transparente: Basic 99 lei/lună, Premium 149 lei/lună, Business 249 lei/lună, cu 0% comision pe rezervări. Înscriere: https://www.trevoro.ro/proprietari"
"6213","Villa Rustica","pensiune","Romania","Sicheviţa","Caraş-Severin","","petrutpaladuica@yahoo.com","https://www.facebook.com/Pensiunea-Villa-Rustica-Clisura-Dun%C4%83rii-1647336842160512/","nou","Bună ziua! Vă contactez din partea Trevoro, platformă românească pentru proprietari de cazări. Planuri transparente: Basic 99 lei/lună, Premium 149 lei/lună, Business 249 lei/lună, cu 0% comision pe rezervări. Înscriere: https://www.trevoro.ro/proprietari"
"6214","Casa Creţa","pensiune","Romania","Sicheviţa","Caraş-Severin","","","https://www.facebook.com/casacreta/","nou","Bună ziua! Vă contactez din partea Trevoro, platformă românească pentru proprietari de cazări. Planuri transparente: Basic 99 lei/lună, Premium 149 lei/lună, Business 249 lei/lună, cu 0% comision pe rezervări. Înscriere: https://www.trevoro.ro/proprietari"
"6216","Roma Md","pensiune","Romania","Slatina-Timiş","Caraş-Severin","","","https://www.facebook.com/Pensiunea-Roma-MD-871172222964742/","nou","Bună ziua! Vă contactez din partea Trevoro, platformă românească pentru proprietari de cazări. Planuri transparente: Basic 99 lei/lună, Premium 149 lei/lună, Business 249 lei/lună, cu 0% comision pe rezervări. Înscriere: https://www.trevoro.ro/proprietari"
"6217","Pescarusul","pensiune","Romania","Socol","Caraş-Severin","","firuraoul@gmail.com","https://www.facebook.com/Pescarusul.Vesel.Cazare","nou","Bună ziua! Vă contactez din partea Trevoro, platformă românească pentru proprietari de cazări. Planuri transparente: Basic 99 lei/lună, Premium 149 lei/lună, Business 249 lei/lună, cu 0% comision pe rezervări. Înscriere: https://www.trevoro.ro/proprietari"
"6223","Mirela","pensiune","Romania","Teregova","Caraş-Severin","","mirela.galescu@yahoo.com","https://www.facebook.com/Agropensiunea-Mirela-1492041974183240/","nou","Bună ziua! Vă contactez din partea Trevoro, platformă românească pentru proprietari de cazări. Planuri transparente: Basic 99 lei/lună, Premium 149 lei/lună, Business 249 lei/lună, cu 0% comision pe rezervări. Înscriere: https://www.trevoro.ro/proprietari"
"6224","Alpin","pensiune","Romania","Turnu Ruieni","Caraş-Severin","","valusescug@yahoo.com","https://www.facebook.com/Pensiunea-ALPIN-571520816527323/","nou","Bună ziua! Vă contactez din partea Trevoro, platformă românească pentru proprietari de cazări. Planuri transparente: Basic 99 lei/lună, Premium 149 lei/lună, Business 249 lei/lună, cu 0% comision pe rezervări. Înscriere: https://www.trevoro.ro/proprietari"
"6230","Gasthaus Maria","pensiune","Romania","Turnu Ruieni","Caraş-Severin","","","https://www.facebook.com/PensiuneaGasthausMaria/","nou","Bună ziua! Vă contactez din partea Trevoro, platformă românească pentru proprietari de cazări. Planuri transparente: Basic 99 lei/lună, Premium 149 lei/lună, Business 249 lei/lună, cu 0% comision pe rezervări. Înscriere: https://www.trevoro.ro/proprietari"
"6246","Casa Hubertus","pensiune","Romania","Văliug","Caraş-Severin","","","https://www.facebook.com/Haus-Hubertus-V%C4%83liug-140067423226248/","nou","Bună ziua! Vă contactez din partea Trevoro, platformă românească pentru proprietari de cazări. Planuri transparente: Basic 99 lei/lună, Premium 149 lei/lună, Business 249 lei/lună, cu 0% comision pe rezervări. Înscriere: https://www.trevoro.ro/proprietari"
"6250","Casa Vânătorului","pensiune","Romania","Văliug","Caraş-Severin","","petricatira@yahoo.com","https://www.facebook.com/Cazare-V%C4%83liug-Cabana-V%C3%A2n%C4%83torilor-din-Valiug-289287191614488/","nou","Bună ziua! Vă contactez din partea Trevoro, platformă românească pentru proprietari de cazări. Planuri transparente: Basic 99 lei/lună, Premium 149 lei/lună, Business 249 lei/lună, cu 0% comision pe rezervări. Înscriere: https://www.trevoro.ro/proprietari"
"6262","Melisa","pensiune","Romania","Văliug","Caraş-Severin","","vilamelisa@vilamelisa.ro","https://www.facebook.com/vilamelisaoficial/","nou","Bună ziua! Vă contactez din partea Trevoro, platformă românească pentru proprietari de cazări. Planuri transparente: Basic 99 lei/lună, Premium 149 lei/lună, Business 249 lei/lună, cu 0% comision pe rezervări. Înscriere: https://www.trevoro.ro/proprietari"
"6273","Carla","pensiune","Romania","Zăvoi","Caraş-Severin","","carla_stoichina@yahoo.com","https://www.facebook.com/profile.php?id=100057549524366","nou","Bună ziua! Vă contactez din partea Trevoro, platformă românească pentru proprietari de cazări. Planuri transparente: Basic 99 lei/lună, Premium 149 lei/lună, Business 249 lei/lună, cu 0% comision pe rezervări. Înscriere: https://www.trevoro.ro/proprietari"
"6284","Merişor","pensiune","Romania","Zăvoi","Caraş-Severin","","","https://www.facebook.com/pensiunea.merisor/","nou","Bună ziua! Vă contactez din partea Trevoro, platformă românească pentru proprietari de cazări. Planuri transparente: Basic 99 lei/lună, Premium 149 lei/lună, Business 249 lei/lună, cu 0% comision pe rezervări. Înscriere: https://www.trevoro.ro/proprietari"
"6288","Teodora","pensiune","Romania","Zăvoi","Caraş-Severin","","pensiunea_teodora_poianamarului@yahoo.ro","https://www.facebook.com/Pensiunea-Teodora-572524269484506/","nou","Bună ziua! Vă contactez din partea Trevoro, platformă românească pentru proprietari de cazări. Planuri transparente: Basic 99 lei/lună, Premium 149 lei/lună, Business 249 lei/lună, cu 0% comision pe rezervări. Înscriere: https://www.trevoro.ro/proprietari"
"6289","Valeria","pensiune","Romania","Zăvoi","Caraş-Severin","","","https://www.facebook.com/PensiuneaValeriaPoianaMaruluiCarasSeverinRomania/","nou","Bună ziua! Vă contactez din partea Trevoro, platformă românească pentru proprietari de cazări. Planuri transparente: Basic 99 lei/lună, Premium 149 lei/lună, Business 249 lei/lună, cu 0% comision pe rezervări. Înscriere: https://www.trevoro.ro/proprietari"
"6295","Carla","pensiune","Romania","Caransebeş","Caraş-Severin","","stoinwestsrl@gmail.com","https://www.facebook.com/pages/Pensiunea-Carla/195835890621882","nou","Bună ziua! Vă contactez din partea Trevoro, platformă românească pentru proprietari de cazări. Planuri transparente: Basic 99 lei/lună, Premium 149 lei/lună, Business 249 lei/lună, cu 0% comision pe rezervări. Înscriere: https://www.trevoro.ro/proprietari"
"6296","Claudiu","pensiune","Romania","Caransebeş","Caraş-Severin","","hotel_claudiu@yahoo.de","https://www.facebook.com/pages/Pensiunea-Claudiu/1522163781344278","nou","Bună ziua! Vă contactez din partea Trevoro, platformă românească pentru proprietari de cazări. Planuri transparente: Basic 99 lei/lună, Premium 149 lei/lună, Business 249 lei/lună, cu 0% comision pe rezervări. Înscriere: https://www.trevoro.ro/proprietari"
"6297","Eden","pensiune","Romania","Caransebeş","Caraş-Severin","","","https://www.facebook.com/pages/Terasa-EDEN-Caransebes/123216207764271","nou","Bună ziua! Vă contactez din partea Trevoro, platformă românească pentru proprietari de cazări. Planuri transparente: Basic 99 lei/lună, Premium 149 lei/lună, Business 249 lei/lună, cu 0% comision pe rezervări. Înscriere: https://www.trevoro.ro/proprietari"
"6304","Maria","pensiune","Romania","Caransebeş","Caraş-Severin","","office@patimanu.ro","https://www.facebook.com/cazarepensiune/","nou","Bună ziua! Vă contactez din partea Trevoro, platformă românească pentru proprietari de cazări. Planuri transparente: Basic 99 lei/lună, Premium 149 lei/lună, Business 249 lei/lună, cu 0% comision pe rezervări. Înscriere: https://www.trevoro.ro/proprietari"
"6318","Brânduşa","pensiune","Romania","Reşiţa","Caraş-Severin","","","https://www.facebook.com/pensiunea.brandusa/","nou","Bună ziua! Vă contactez din partea Trevoro, platformă românească pentru proprietari de cazări. Planuri transparente: Basic 99 lei/lună, Premium 149 lei/lună, Business 249 lei/lună, cu 0% comision pe rezervări. Înscriere: https://www.trevoro.ro/proprietari"
"6321","Casa Bănăţeană","pensiune","Romania","Reşiţa","Caraş-Severin","","laurentiu_bara@yahoo.com","https://www.facebook.com/CasaBanateanaResitaOfficial/","nou","Bună ziua! Vă contactez din partea Trevoro, platformă românească pentru proprietari de cazări. Planuri transparente: Basic 99 lei/lună, Premium 149 lei/lună, Business 249 lei/lună, cu 0% comision pe rezervări. Înscriere: https://www.trevoro.ro/proprietari"
"6325","Club Castel","pensiune","Romania","Reşiţa","Caraş-Severin","","clubcastelcs@yahoo.com","https://www.facebook.com/Pensiunea-Club-Castel-Resita-540918266257357/","nou","Bună ziua! Vă contactez din partea Trevoro, platformă românească pentru proprietari de cazări. Planuri transparente: Basic 99 lei/lună, Premium 149 lei/lună, Business 249 lei/lună, cu 0% comision pe rezervări. Înscriere: https://www.trevoro.ro/proprietari"
"6334","Memento","pensiune","Romania","Reşiţa","Caraş-Severin","","isanis26@yahoo.com","https://www.facebook.com/Pensiunea-Memento-Restaurant-Pizzerie-100718998072058/","nou","Bună ziua! Vă contactez din partea Trevoro, platformă românească pentru proprietari de cazări. Planuri transparente: Basic 99 lei/lună, Premium 149 lei/lună, Business 249 lei/lună, cu 0% comision pe rezervări. Înscriere: https://www.trevoro.ro/proprietari"
"6335","Mony Feith","pensiune","Romania","Reşiţa","Caraş-Severin","","monyfeith@yahoo.de","https://www.facebook.com/pages/Monyfeith/397371237516835","nou","Bună ziua! Vă contactez din partea Trevoro, platformă românească pentru proprietari de cazări. Planuri transparente: Basic 99 lei/lună, Premium 149 lei/lună, Business 249 lei/lună, cu 0% comision pe rezervări. Înscriere: https://www.trevoro.ro/proprietari"
"6350","Munţii Aninei","pensiune","Romania","Oraş Anina","Caraş-Severin","","pensiuneamuntiianinei@yahoo.com","https://m.facebook.com/Pensiunea-Mun%C8%9Bii-Aninei-1731575143767416/","nou","Bună ziua! Vă contactez din partea Trevoro, platformă românească pentru proprietari de cazări. Planuri transparente: Basic 99 lei/lună, Premium 149 lei/lună, Business 249 lei/lună, cu 0% comision pe rezervări. Înscriere: https://www.trevoro.ro/proprietari"
"6358","Argus","pensiune","Romania","Oraş Băile Herculane","Caraş-Severin","","pensiuneaargus@yahoo.com","https://www.facebook.com/pages/Pensiunea-Argus/473493689401285","nou","Bună ziua! Vă contactez din partea Trevoro, platformă românească pentru proprietari de cazări. Planuri transparente: Basic 99 lei/lună, Premium 149 lei/lună, Business 249 lei/lună, cu 0% comision pe rezervări. Înscriere: https://www.trevoro.ro/proprietari"
"6371","Casa Crina","pensiune","Romania","Oraş Băile Herculane","Caraş-Severin","","casacrina@gmail.com","https://www.facebook.com/Casa-de-vacan%C8%9B%C4%83-Crina-101234452173434/","nou","Bună ziua! Vă contactez din partea Trevoro, platformă românească pentru proprietari de cazări. Planuri transparente: Basic 99 lei/lună, Premium 149 lei/lună, Business 249 lei/lună, cu 0% comision pe rezervări. Înscriere: https://www.trevoro.ro/proprietari"
"6376","Casa Maria","pensiune","Romania","Oraş Băile Herculane","Caraş-Severin","","casa_maria_herculane@yahoo.com","https://www.facebook.com/Hotel-Holiday-Maria-Baile-Herculane-784862988303102/","nou","Bună ziua! Vă contactez din partea Trevoro, platformă românească pentru proprietari de cazări. Planuri transparente: Basic 99 lei/lună, Premium 149 lei/lună, Business 249 lei/lună, cu 0% comision pe rezervări. Înscriere: https://www.trevoro.ro/proprietari"
"6414","Mario","pensiune","Romania","Oraş Băile Herculane","Caraş-Severin","","rezervari@casamario.ro","https://www.facebook.com/casamariobaileherculane/","nou","Bună ziua! Vă contactez din partea Trevoro, platformă românească pentru proprietari de cazări. Planuri transparente: Basic 99 lei/lună, Premium 149 lei/lună, Business 249 lei/lună, cu 0% comision pe rezervări. Înscriere: https://www.trevoro.ro/proprietari"
"6421","Orhideea","pensiune","Romania","Oraş Băile Herculane","Caraş-Severin","","adalar_tsc_srl@yahoo.com","https://www.facebook.com/pages/Pensiunea-Orhideea/429497387825248","nou","Bună ziua! Vă contactez din partea Trevoro, platformă românească pentru proprietari de cazări. Planuri transparente: Basic 99 lei/lună, Premium 149 lei/lună, Business 249 lei/lună, cu 0% comision pe rezervări. Înscriere: https://www.trevoro.ro/proprietari"
"6424","Pinul Negru","pensiune","Romania","Oraş Băile Herculane","Caraş-Severin","","","https://www.facebook.com/pensiuneapinulnegru/","nou","Bună ziua! Vă contactez din partea Trevoro, platformă românească pentru proprietari de cazări. Planuri transparente: Basic 99 lei/lună, Premium 149 lei/lună, Business 249 lei/lună, cu 0% comision pe rezervări. Înscriere: https://www.trevoro.ro/proprietari"
"6434","Select","pensiune","Romania","Oraş Băile Herculane","Caraş-Severin","","pensiuneaselect@yahoo.com","https://www.facebook.com/pensiuneaselectbaileherculane/","nou","Bună ziua! Vă contactez din partea Trevoro, platformă românească pentru proprietari de cazări. Planuri transparente: Basic 99 lei/lună, Premium 149 lei/lună, Business 249 lei/lună, cu 0% comision pe rezervări. Înscriere: https://www.trevoro.ro/proprietari"
"6437","Speranta","pensiune","Romania","Oraş Băile Herculane","Caraş-Severin","","","https://www.facebook.com/pensiuneherculane.ro/","nou","Bună ziua! Vă contactez din partea Trevoro, platformă românească pentru proprietari de cazări. Planuri transparente: Basic 99 lei/lună, Premium 149 lei/lună, Business 249 lei/lună, cu 0% comision pe rezervări. Înscriere: https://www.trevoro.ro/proprietari"
"6443","Vasy Xl","pensiune","Romania","Oraş Băile Herculane","Caraş-Severin","","","https://www.facebook.com/pensiuneavasyxl/","nou","Bună ziua! Vă contactez din partea Trevoro, platformă românească pentru proprietari de cazări. Planuri transparente: Basic 99 lei/lună, Premium 149 lei/lună, Business 249 lei/lună, cu 0% comision pe rezervări. Înscriere: https://www.trevoro.ro/proprietari"
"6444","Versant","pensiune","Romania","Oraş Băile Herculane","Caraş-Severin","","versant2001@yahoo.com","https://www.facebook.com/PensiuneaVersant","nou","Bună ziua! Vă contactez din partea Trevoro, platformă românească pentru proprietari de cazări. Planuri transparente: Basic 99 lei/lună, Premium 149 lei/lună, Business 249 lei/lună, cu 0% comision pe rezervări. Înscriere: https://www.trevoro.ro/proprietari"
"6447","Bellevue","pensiune","Romania","Băile Herculane","Caraş-Severin","","radoifloare@gmail.com","https://www.facebook.com/Vila-Bellevue-1231447503632672/","nou","Bună ziua! Vă contactez din partea Trevoro, platformă românească pentru proprietari de cazări. Planuri transparente: Basic 99 lei/lună, Premium 149 lei/lună, Business 249 lei/lună, cu 0% comision pe rezervări. Înscriere: https://www.trevoro.ro/proprietari"
"6458","Lyn","pensiune","Romania","Oraş Bocşa","Caraş-Severin","","alyn_ghinaci@yahoo.com","https://www.facebook.com/pages/Pensiunea-Alyn-Bocsa/488337677863043","nou","Bună ziua! Vă contactez din partea Trevoro, platformă românească pentru proprietari de cazări. Planuri transparente: Basic 99 lei/lună, Premium 149 lei/lună, Business 249 lei/lună, cu 0% comision pe rezervări. Înscriere: https://www.trevoro.ro/proprietari"
"6459","Nufarul","pensiune","Romania","Oraş Bocşa","Caraş-Severin","","autotransmanbocsa@yahoo.com","https://www.facebook.com/pages/Pensiunea-Nufarul/349513588836092","nou","Bună ziua! Vă contactez din partea Trevoro, platformă românească pentru proprietari de cazări. Planuri transparente: Basic 99 lei/lună, Premium 149 lei/lună, Business 249 lei/lună, cu 0% comision pe rezervări. Înscriere: https://www.trevoro.ro/proprietari"
"6460","Talia","pensiune","Romania","Oraş Bocşa","Caraş-Severin","","talianuovomady@yahoo.com","https://www.facebook.com/RestaurantTalia/","nou","Bună ziua! Vă contactez din partea Trevoro, platformă românească pentru proprietari de cazări. Planuri transparente: Basic 99 lei/lună, Premium 149 lei/lună, Business 249 lei/lună, cu 0% comision pe rezervări. Înscriere: https://www.trevoro.ro/proprietari"
"6461","Dunărea","pensiune","Romania","Oraş Moldova Nouă","Caraş-Severin","","","https://www.facebook.com/Pensiunea-Dunarea-107740205105321/","nou","Bună ziua! Vă contactez din partea Trevoro, platformă românească pentru proprietari de cazări. Planuri transparente: Basic 99 lei/lună, Premium 149 lei/lună, Business 249 lei/lună, cu 0% comision pe rezervări. Înscriere: https://www.trevoro.ro/proprietari"
"6472","Carul Cu Flori","pensiune","Romania","Oraş Oraviţa","Caraş-Severin","","dankar.oravita@yahoo.com","https://www.facebook.com/pensiuneacarulcuflori/","nou","Bună ziua! Vă contactez din partea Trevoro, platformă românească pentru proprietari de cazări. Planuri transparente: Basic 99 lei/lună, Premium 149 lei/lună, Business 249 lei/lună, cu 0% comision pe rezervări. Înscriere: https://www.trevoro.ro/proprietari"
"6474","Pajura","pensiune","Romania","Oraş Oraviţa","Caraş-Severin","","moldovanviorica1953@gmail.com","https://www.facebook.com/SCPajura-106770347884143/","nou","Bună ziua! Vă contactez din partea Trevoro, platformă românească pentru proprietari de cazări. Planuri transparente: Basic 99 lei/lună, Premium 149 lei/lună, Business 249 lei/lună, cu 0% comision pe rezervări. Înscriere: https://www.trevoro.ro/proprietari"
"10877","Rubin","pensiune","Romania","Aninoasa","Dâmboviţa","","alinsergiu73@yahoo.com","https://www.facebook.com/pages/category/Hotel---Lodging/Pensiunea-Rubin-Aninoasa-101189267991620/","nou","Bună ziua! Vă contactez din partea Trevoro, platformă românească pentru proprietari de cazări. Planuri transparente: Basic 99 lei/lună, Premium 149 lei/lună, Business 249 lei/lună, cu 0% comision pe rezervări. Înscriere: https://www.trevoro.ro/proprietari"
"10881","Dealul Domnitorilor","pensiune","Romania","Aninoasa","Dâmboviţa","","","https://www.facebook.com/Dealul-Domnitorilor-362459877278406/","nou","Bună ziua! Vă contactez din partea Trevoro, platformă românească pentru proprietari de cazări. Planuri transparente: Basic 99 lei/lună, Premium 149 lei/lună, Business 249 lei/lună, cu 0% comision pe rezervări. Înscriere: https://www.trevoro.ro/proprietari"
"10884","Paul","pensiune","Romania","Bărbuleţu","Dâmboviţa","","alexe_alex20@yahoo.com","https://www.facebook.com/pensiuneapaul/","nou","Bună ziua! Vă contactez din partea Trevoro, platformă românească pentru proprietari de cazări. Planuri transparente: Basic 99 lei/lună, Premium 149 lei/lună, Business 249 lei/lună, cu 0% comision pe rezervări. Înscriere: https://www.trevoro.ro/proprietari"
"10892","Alexandra","pensiune","Romania","Corbii Mari","Dâmboviţa","","","https://ro-ro.facebook.com/pages/category/Hotel/Pensiunea-Alexandra-535221946628498/","nou","Bună ziua! Vă contactez din partea Trevoro, platformă românească pentru proprietari de cazări. Planuri transparente: Basic 99 lei/lună, Premium 149 lei/lună, Business 249 lei/lună, cu 0% comision pe rezervări. Înscriere: https://www.trevoro.ro/proprietari"
"10895","Alimar","pensiune","Romania","Dărmăneşti","Dâmboviţa","","martonn.trans@yahoo.com","https://www.facebook.com/people/Pensiunea-Alimar/100063256447193/","nou","Bună ziua! Vă contactez din partea Trevoro, platformă românească pentru proprietari de cazări. Planuri transparente: Basic 99 lei/lună, Premium 149 lei/lună, Business 249 lei/lună, cu 0% comision pe rezervări. Înscriere: https://www.trevoro.ro/proprietari"
"10905","Stejarul","pensiune","Romania","I. L. Caragiale","Dâmboviţa","","","https://ro-ro.facebook.com/stejarulmija/","nou","Bună ziua! Vă contactez din partea Trevoro, platformă românească pentru proprietari de cazări. Planuri transparente: Basic 99 lei/lună, Premium 149 lei/lună, Business 249 lei/lună, cu 0% comision pe rezervări. Înscriere: https://www.trevoro.ro/proprietari"
"10918","Chalet Alpina","pensiune","Romania","Moroeni","Dâmboviţa","","florinaflorea23@yahoo.com","https://ro-ro.facebook.com/chaletalpina/","nou","Bună ziua! Vă contactez din partea Trevoro, platformă românească pentru proprietari de cazări. Planuri transparente: Basic 99 lei/lună, Premium 149 lei/lună, Business 249 lei/lună, cu 0% comision pe rezervări. Înscriere: https://www.trevoro.ro/proprietari"
"10925","Mount Hoff Retreat","pensiune","Romania","Moroeni","Dâmboviţa","","contact@hbicenter.ro","https://m.facebook.com/MountHoff-Retreat-182794080103043/","nou","Bună ziua! Vă contactez din partea Trevoro, platformă românească pentru proprietari de cazări. Planuri transparente: Basic 99 lei/lună, Premium 149 lei/lună, Business 249 lei/lună, cu 0% comision pe rezervări. Înscriere: https://www.trevoro.ro/proprietari"
"10931","Majestic","pensiune","Romania","Moroeni","Dâmboviţa","","casandrescu.mihai@gmail.com","https://ro-ro.facebook.com/Moroeni.Majestic/","nou","Bună ziua! Vă contactez din partea Trevoro, platformă românească pentru proprietari de cazări. Planuri transparente: Basic 99 lei/lună, Premium 149 lei/lună, Business 249 lei/lună, cu 0% comision pe rezervări. Înscriere: https://www.trevoro.ro/proprietari"
"10943","Casa D'oica","pensiune","Romania","Moroeni","Dâmboviţa","","anghelescuromel@yahoo.com","https://ro-ro.facebook.com/pensiuneacasadoica/","nou","Bună ziua! Vă contactez din partea Trevoro, platformă românească pentru proprietari de cazări. Planuri transparente: Basic 99 lei/lună, Premium 149 lei/lună, Business 249 lei/lună, cu 0% comision pe rezervări. Înscriere: https://www.trevoro.ro/proprietari"
"10948","Raiul De Pe R\u","pensiune","Romania","Moroeni","Dâmboviţa","","","https://www.facebook.com/pages/category/Local-business/Raiul-de-pe-rau-371203889558952/","nou","Bună ziua! Vă contactez din partea Trevoro, platformă românească pentru proprietari de cazări. Planuri transparente: Basic 99 lei/lună, Premium 149 lei/lună, Business 249 lei/lună, cu 0% comision pe rezervări. Înscriere: https://www.trevoro.ro/proprietari"
"10949","Raiul De Pe Râu","pensiune","Romania","Moroeni","Dâmboviţa","","","https://www.facebook.com/pages/category/Local-business/Raiul-de-pe-rau-371203889558952/","nou","Bună ziua! Vă contactez din partea Trevoro, platformă românească pentru proprietari de cazări. Planuri transparente: Basic 99 lei/lună, Premium 149 lei/lună, Business 249 lei/lună, cu 0% comision pe rezervări. Înscriere: https://www.trevoro.ro/proprietari"
"10954","Antonio","pensiune","Romania","Pietrari","Dâmboviţa","","","https://ro-ro.facebook.com/pages/category/Hotel-Resort/Pensiunea-Antonio-934309706617789/","nou","Bună ziua! Vă contactez din partea Trevoro, platformă românească pentru proprietari de cazări. Planuri transparente: Basic 99 lei/lună, Premium 149 lei/lună, Business 249 lei/lună, cu 0% comision pe rezervări. Înscriere: https://www.trevoro.ro/proprietari"
"10958","Mănăstirea Dealu","pensiune","Romania","Răzvad","Dâmboviţa","","","https://ro-ro.facebook.com/pensiunea.manastireadealu","nou","Bună ziua! Vă contactez din partea Trevoro, platformă românească pentru proprietari de cazări. Planuri transparente: Basic 99 lei/lună, Premium 149 lei/lună, Business 249 lei/lună, cu 0% comision pe rezervări. Înscriere: https://www.trevoro.ro/proprietari"
"10962","Runcu Stone","pensiune","Romania","Runcu","Dâmboviţa","","","https://ro-ro.facebook.com/RuncuStone/","nou","Bună ziua! Vă contactez din partea Trevoro, platformă românească pentru proprietari de cazări. Planuri transparente: Basic 99 lei/lună, Premium 149 lei/lună, Business 249 lei/lună, cu 0% comision pe rezervări. Înscriere: https://www.trevoro.ro/proprietari"
"10973","La Conac","pensiune","Romania","Ulmi","Dâmboviţa","","","https://ro-ro.facebook.com/PensiuneaLaConacUlmi/","nou","Bună ziua! Vă contactez din partea Trevoro, platformă românească pentru proprietari de cazări. Planuri transparente: Basic 99 lei/lună, Premium 149 lei/lună, Business 249 lei/lună, cu 0% comision pe rezervări. Înscriere: https://www.trevoro.ro/proprietari"
"10984","Casa Domneasca","pensiune","Romania","Târgovişte","Dâmboviţa","","","https://ro-ro.facebook.com/casadomneascatargoviste/","nou","Bună ziua! Vă contactez din partea Trevoro, platformă românească pentru proprietari de cazări. Planuri transparente: Basic 99 lei/lună, Premium 149 lei/lună, Business 249 lei/lună, cu 0% comision pe rezervări. Înscriere: https://www.trevoro.ro/proprietari"
"11004","Paltinu","pensiune","Romania","Târgovişte","Dâmboviţa","","","https://ro-ro.facebook.com/pages/category/Hostel/Pensiunea-Paltinu-1547102562207772/","nou","Bună ziua! Vă contactez din partea Trevoro, platformă românească pentru proprietari de cazări. Planuri transparente: Basic 99 lei/lună, Premium 149 lei/lună, Business 249 lei/lună, cu 0% comision pe rezervări. Înscriere: https://www.trevoro.ro/proprietari"
"11716","Teo","pensiune","Romania","Bilbor","Harghita","","mihai.valcan@yahoo.com","https://www.facebook.com/pg/Cabana-Bilbor-249066865178503/about/?ref=page_internal","nou","Bună ziua! Vă contactez din partea Trevoro, platformă românească pentru proprietari de cazări. Planuri transparente: Basic 99 lei/lună, Premium 149 lei/lună, Business 249 lei/lună, cu 0% comision pe rezervări. Înscriere: https://www.trevoro.ro/proprietari"
"11764","Fenyo-Brad","pensiune","Romania","Corund","Harghita","","","https://www.facebook.com/tartodkisag/","nou","Bună ziua! Vă contactez din partea Trevoro, platformă românească pentru proprietari de cazări. Planuri transparente: Basic 99 lei/lună, Premium 149 lei/lună, Business 249 lei/lună, cu 0% comision pe rezervări. Înscriere: https://www.trevoro.ro/proprietari"
"11790","Baratsag","pensiune","Romania","Ditrău","Harghita","","baratsagpanzio@freemail.hu","https://www.facebook.com/baratsag.panzio","nou","Bună ziua! Vă contactez din partea Trevoro, platformă românească pentru proprietari de cazări. Planuri transparente: Basic 99 lei/lună, Premium 149 lei/lună, Business 249 lei/lună, cu 0% comision pe rezervări. Înscriere: https://www.trevoro.ro/proprietari"
"11802","Horvath Kert","pensiune","Romania","Joseni","Harghita","","horvathkert15@gmail.com","https://www.facebook.com/pg/horvathkertborzont/about/?ref=page_internal","nou","Bună ziua! Vă contactez din partea Trevoro, platformă românească pentru proprietari de cazări. Planuri transparente: Basic 99 lei/lună, Premium 149 lei/lună, Business 249 lei/lună, cu 0% comision pe rezervări. Înscriere: https://www.trevoro.ro/proprietari"
"11814","Kozma","pensiune","Romania","Lăzarea","Harghita","","kozmamaria@freemail.hu","https://www.facebook.com/mariavendeghaz.kozma/about?lst=100006136957143%3A100006645992773%3A1547065691","nou","Bună ziua! Vă contactez din partea Trevoro, platformă românească pentru proprietari de cazări. Planuri transparente: Basic 99 lei/lună, Premium 149 lei/lună, Business 249 lei/lună, cu 0% comision pe rezervări. Înscriere: https://www.trevoro.ro/proprietari"
"11815","Nagy Ildiko","pensiune","Romania","Lăzarea","Harghita","","nagyildiko1030@gmail.com","https://www.facebook.com/nagyildikovendeghaz/","nou","Bună ziua! Vă contactez din partea Trevoro, platformă românească pentru proprietari de cazări. Planuri transparente: Basic 99 lei/lună, Premium 149 lei/lună, Business 249 lei/lună, cu 0% comision pe rezervări. Înscriere: https://www.trevoro.ro/proprietari"
"11848","Laura Kulcsoshaz","pensiune","Romania","Lupeni","Harghita","","tajhazfogado@freemail.hu","https://www.facebook.com/szekelyszentlelek.tajhazfogado/","nou","Bună ziua! Vă contactez din partea Trevoro, platformă românească pentru proprietari de cazări. Planuri transparente: Basic 99 lei/lună, Premium 149 lei/lună, Business 249 lei/lună, cu 0% comision pe rezervări. Înscriere: https://www.trevoro.ro/proprietari"
"11850","Abel Bolcsoje","pensiune","Romania","Lupeni","Harghita","","abelbolcsoje@gmail.com","https://www.facebook.com/pg/abel.panzio/about/?ref=page_internal","nou","Bună ziua! Vă contactez din partea Trevoro, platformă românească pentru proprietari de cazări. Planuri transparente: Basic 99 lei/lună, Premium 149 lei/lună, Business 249 lei/lună, cu 0% comision pe rezervări. Înscriere: https://www.trevoro.ro/proprietari"
"11851","Aniko","pensiune","Romania","Lupeni","Harghita","","anikopanzio@freemail.hu","https://www.facebook.com/ilonaaniko.kovacs","nou","Bună ziua! Vă contactez din partea Trevoro, platformă românească pentru proprietari de cazări. Planuri transparente: Basic 99 lei/lună, Premium 149 lei/lună, Business 249 lei/lună, cu 0% comision pe rezervări. Înscriere: https://www.trevoro.ro/proprietari"
"11853","Bun Prieten -Jobarat","pensiune","Romania","Lupeni","Harghita","","magyarivendeghaz@gmail.com","https://www.facebook.com/pg/jobaratvendeghaz/about/?ref=page_internal","nou","Bună ziua! Vă contactez din partea Trevoro, platformă românească pentru proprietari de cazări. Planuri transparente: Basic 99 lei/lună, Premium 149 lei/lună, Business 249 lei/lună, cu 0% comision pe rezervări. Înscriere: https://www.trevoro.ro/proprietari"
"11855","Gyongyvirag","pensiune","Romania","Lupeni","Harghita","","gyongyvirag@farkaslaka.ro","https://www.facebook.com/pages/category/Beach-Resort/Gy%C3%B6ngyvir%C3%A1g-Panzi%C3%B3-305784336104672/","nou","Bună ziua! Vă contactez din partea Trevoro, platformă românească pentru proprietari de cazări. Planuri transparente: Basic 99 lei/lună, Premium 149 lei/lună, Business 249 lei/lună, cu 0% comision pe rezervări. Înscriere: https://www.trevoro.ro/proprietari"
"11865","Abasfalva","pensiune","Romania","Mărtiniş","Harghita","","abasfalva@kukullo.ro","https://www.facebook.com/pg/abasfalva/about/?ref=page_internal","nou","Bună ziua! Vă contactez din partea Trevoro, platformă românească pentru proprietari de cazări. Planuri transparente: Basic 99 lei/lună, Premium 149 lei/lună, Business 249 lei/lună, cu 0% comision pe rezervări. Înscriere: https://www.trevoro.ro/proprietari"
"11877","Ilyes","pensiune","Romania","Mugeni","Harghita","","ilyespanzio@yahoo.com","https://www.facebook.com/ilyespanzio/","nou","Bună ziua! Vă contactez din partea Trevoro, platformă românească pentru proprietari de cazări. Planuri transparente: Basic 99 lei/lună, Premium 149 lei/lună, Business 249 lei/lună, cu 0% comision pe rezervări. Înscriere: https://www.trevoro.ro/proprietari"
"11971","Nap Es Hold","pensiune","Romania","Praid","Harghita","","istvanmargit@yahoo.com","https://www.facebook.com/soaresiluna.pensiunea/","nou","Bună ziua! Vă contactez din partea Trevoro, platformă românească pentru proprietari de cazări. Planuri transparente: Basic 99 lei/lună, Premium 149 lei/lună, Business 249 lei/lună, cu 0% comision pe rezervări. Înscriere: https://www.trevoro.ro/proprietari"
"12003","Eszter Haz","pensiune","Romania","Sâncrăieni","Harghita","","tamaservinii@gmail.com","https://www.facebook.com/pages/category/Hotel/Eszter-H%C3%A1z-Panzi%C3%B3-438217276388739/","nou","Bună ziua! Vă contactez din partea Trevoro, platformă românească pentru proprietari de cazări. Planuri transparente: Basic 99 lei/lună, Premium 149 lei/lună, Business 249 lei/lună, cu 0% comision pe rezervări. Înscriere: https://www.trevoro.ro/proprietari"
"12006","Szentkiraly","pensiune","Romania","Sâncrăieni","Harghita","","simonzsolt80@yahoo.com","https://www.facebook.com/szentkiraly.panzio","nou","Bună ziua! Vă contactez din partea Trevoro, platformă românească pentru proprietari de cazări. Planuri transparente: Basic 99 lei/lună, Premium 149 lei/lună, Business 249 lei/lună, cu 0% comision pe rezervări. Înscriere: https://www.trevoro.ro/proprietari"
"12009","Fazi","pensiune","Romania","Sântimbru","Harghita","","fazi_w@yahoo.de","https://www.facebook.com/fazipanzio/?__tn__=kC-R&eid=ARD4j-pP5h6tYwGTG7tPHGk-2ujgM49omT__xOMuPOEH5YAINu3ocxmwlfsQiJId3rUY-tHNn5r0pRYI&hc_ref=ARQ6EW8cdg4-Vk2q_es9ktQSpxTOj80YuOh7V8ZofmMTqQQg8lXyK4RHHx_KKG-kTC4&fref=nf&__xts__[0]=68.ARAmQnf0uKT7PZ4j_PL2cYeW","nou","Bună ziua! Vă contactez din partea Trevoro, platformă românească pentru proprietari de cazări. Planuri transparente: Basic 99 lei/lună, Premium 149 lei/lună, Business 249 lei/lună, cu 0% comision pe rezervări. Înscriere: https://www.trevoro.ro/proprietari"
"12017","Colţ Alb","pensiune","Romania","Satu Mare","Harghita","","ninacapraru@yahoo.com","https://www.facebook.com/pages/Pensiunea-Colt-Alb/1055848011154845","nou","Bună ziua! Vă contactez din partea Trevoro, platformă românească pentru proprietari de cazări. Planuri transparente: Basic 99 lei/lună, Premium 149 lei/lună, Business 249 lei/lună, cu 0% comision pe rezervări. Înscriere: https://www.trevoro.ro/proprietari"
"12058","Sandor","pensiune","Romania","Voşlăbeni","Harghita","","sandoristvan55@yahoo.com","https://www.facebook.com/pg/cazareizvorumuresului.ro/about/?ref=page_internal","nou","Bună ziua! Vă contactez din partea Trevoro, platformă românească pentru proprietari de cazări. Planuri transparente: Basic 99 lei/lună, Premium 149 lei/lună, Business 249 lei/lună, cu 0% comision pe rezervări. Înscriere: https://www.trevoro.ro/proprietari"
"12083","Bothazi","pensiune","Romania","Zetea","Harghita","","bothazi.attila@gmail.com","https://www.facebook.com/Both%C3%A1zi-Vend%C3%A9gh%C3%A1zak-319143104911056/","nou","Bună ziua! Vă contactez din partea Trevoro, platformă românească pentru proprietari de cazări. Planuri transparente: Basic 99 lei/lună, Premium 149 lei/lună, Business 249 lei/lună, cu 0% comision pe rezervări. Înscriere: https://www.trevoro.ro/proprietari"
"12123","Edina","pensiune","Romania","Gheorgheni","Harghita","","zerkulaangi@freemail.hu","https://www.facebook.com/edinavendeghaz.gyergyo/","nou","Bună ziua! Vă contactez din partea Trevoro, platformă românească pentru proprietari de cazări. Planuri transparente: Basic 99 lei/lună, Premium 149 lei/lună, Business 249 lei/lună, cu 0% comision pe rezervări. Înscriere: https://www.trevoro.ro/proprietari"
"12143","Adela","pensiune","Romania","Gheorgheni","Harghita","","sofalvililiana@yahoo.com","https://www.facebook.com/Vila-Adela-Lacu-Rosu-630187227094238/","nou","Bună ziua! Vă contactez din partea Trevoro, platformă românească pentru proprietari de cazări. Planuri transparente: Basic 99 lei/lună, Premium 149 lei/lună, Business 249 lei/lună, cu 0% comision pe rezervări. Înscriere: https://www.trevoro.ro/proprietari"
"12179","Harmonia","pensiune","Romania","Miercurea Ciuc","Harghita","","harmoniapanzio@yahoo.com","https://www.facebook.com/Harm%C3%B3nia-Panzi%C3%B3-1591262904426367/","nou","Bună ziua! Vă contactez din partea Trevoro, platformă românească pentru proprietari de cazări. Planuri transparente: Basic 99 lei/lună, Premium 149 lei/lună, Business 249 lei/lună, cu 0% comision pe rezervări. Înscriere: https://www.trevoro.ro/proprietari"
"12279","La Gagea","pensiune","Romania","Topliţa","Harghita","","gagea_top@yahoo.com","https://www.facebook.com/cazareskiwelnessroudtrips/","nou","Bună ziua! Vă contactez din partea Trevoro, platformă românească pentru proprietari de cazări. Planuri transparente: Basic 99 lei/lună, Premium 149 lei/lună, Business 249 lei/lună, cu 0% comision pe rezervări. Înscriere: https://www.trevoro.ro/proprietari"
"12311","La Moară La Făgădău","pensiune","Romania","Oraş Băile Tuşnad","Harghita","","moaralafagadau@gmail.com","https://www.facebook.com/pg/Pensiune.Baile.Tusnad/about/?ref=page_internal","nou","Bună ziua! Vă contactez din partea Trevoro, platformă românească pentru proprietari de cazări. Planuri transparente: Basic 99 lei/lună, Premium 149 lei/lună, Business 249 lei/lună, cu 0% comision pe rezervări. Înscriere: https://www.trevoro.ro/proprietari"
"12319","Ritz","pensiune","Romania","Oraş Băile Tuşnad","Harghita","","","https://www.facebook.com/Pensiunea-Ritz-153018051426648/","nou","Bună ziua! Vă contactez din partea Trevoro, platformă românească pentru proprietari de cazări. Planuri transparente: Basic 99 lei/lună, Premium 149 lei/lună, Business 249 lei/lună, cu 0% comision pe rezervări. Înscriere: https://www.trevoro.ro/proprietari"
"12376","Gerendás Vendégház","pensiune","Romania","Oraş Vlăhiţa","Harghita","","gerendascsur@gmail.com","https://www.facebook.com/gerendasvendeghaz/","nou","Bună ziua! Vă contactez din partea Trevoro, platformă românească pentru proprietari de cazări. Planuri transparente: Basic 99 lei/lună, Premium 149 lei/lună, Business 249 lei/lună, cu 0% comision pe rezervări. Înscriere: https://www.trevoro.ro/proprietari"
"12389","Szentegyházi Fogadó","pensiune","Romania","Oraş Vlăhiţa","Harghita","","csaba_lawrence@yahoo.com","https://www.facebook.com/Szentegyh%C3%A1zi-Fogad%C3%B3-357629801454876/","nou","Bună ziua! Vă contactez din partea Trevoro, platformă românească pentru proprietari de cazări. Planuri transparente: Basic 99 lei/lună, Premium 149 lei/lună, Business 249 lei/lună, cu 0% comision pe rezervări. Înscriere: https://www.trevoro.ro/proprietari"
"12395","Casa Sonia","pensiune","Romania","Băcia","Hunedoara","","gardean.sonia@gmail.com","https://www.facebook.com/Casa-Sonia-101452495267936/","nou","Bună ziua! Vă contactez din partea Trevoro, platformă românească pentru proprietari de cazări. Planuri transparente: Basic 99 lei/lună, Premium 149 lei/lună, Business 249 lei/lună, cu 0% comision pe rezervări. Înscriere: https://www.trevoro.ro/proprietari"
"12418","Doi Stejari","pensiune","Romania","Boşorod","Hunedoara","","sandasimilea@yahoo.com","https://www.facebook.com/Pensiunea-Doi-Stejari-106955821746926/?ref=page_internal","nou","Bună ziua! Vă contactez din partea Trevoro, platformă românească pentru proprietari de cazări. Planuri transparente: Basic 99 lei/lună, Premium 149 lei/lună, Business 249 lei/lună, cu 0% comision pe rezervări. Înscriere: https://www.trevoro.ro/proprietari"
"12426","Sofia","pensiune","Romania","Bretea Română","Hunedoara","","ivona_rus@yahoo.com","https://www.facebook.com/Pensiunea-Sofia-102536604687280/","nou","Bună ziua! Vă contactez din partea Trevoro, platformă românească pentru proprietari de cazări. Planuri transparente: Basic 99 lei/lună, Premium 149 lei/lună, Business 249 lei/lună, cu 0% comision pe rezervări. Înscriere: https://www.trevoro.ro/proprietari"
"12428","Costiana","pensiune","Romania","Bretea Română","Hunedoara","","efrimana@yahoo.com","https://www.facebook.com/Pensiune-agroturistica-Costiana-516530062487035/","nou","Bună ziua! Vă contactez din partea Trevoro, platformă românească pentru proprietari de cazări. Planuri transparente: Basic 99 lei/lună, Premium 149 lei/lună, Business 249 lei/lună, cu 0% comision pe rezervări. Înscriere: https://www.trevoro.ro/proprietari"
"12430","Moşia Pribegilor","pensiune","Romania","Bretea Română","Hunedoara","","mosiapribegilor@gmail.com","https://www.facebook.com/mosiapribegilor/","nou","Bună ziua! Vă contactez din partea Trevoro, platformă românească pentru proprietari de cazări. Planuri transparente: Basic 99 lei/lună, Premium 149 lei/lună, Business 249 lei/lună, cu 0% comision pe rezervări. Înscriere: https://www.trevoro.ro/proprietari"
"12431","Scorilo","pensiune","Romania","Bretea Română","Hunedoara","","pensiuneascorilo@gmail.com","https://www.facebook.com/pensiuneascorilo/","nou","Bună ziua! Vă contactez din partea Trevoro, platformă românească pentru proprietari de cazări. Planuri transparente: Basic 99 lei/lună, Premium 149 lei/lună, Business 249 lei/lună, cu 0% comision pe rezervări. Înscriere: https://www.trevoro.ro/proprietari"
"12444","Căsuţele Din Poiană","pensiune","Romania","Cerbăl","Hunedoara","","mirceacosta83@gmail.com","https://www.facebook.com/casuteledinpoiana1","nou","Bună ziua! Vă contactez din partea Trevoro, platformă românească pentru proprietari de cazări. Planuri transparente: Basic 99 lei/lună, Premium 149 lei/lună, Business 249 lei/lună, cu 0% comision pe rezervări. Înscriere: https://www.trevoro.ro/proprietari"
"12447","Carma","pensiune","Romania","Certeju De Sus","Hunedoara","","pensiuneacarma@yahoo.com","https://www.facebook.com/pensiuneacarma/","nou","Bună ziua! Vă contactez din partea Trevoro, platformă românească pentru proprietari de cazări. Planuri transparente: Basic 99 lei/lună, Premium 149 lei/lună, Business 249 lei/lună, cu 0% comision pe rezervări. Înscriere: https://www.trevoro.ro/proprietari"
"12449","Josefina","pensiune","Romania","Certeju De Sus","Hunedoara","","emilszitar@gmail.com","https://www.facebook.com/villa.iosefina/","nou","Bună ziua! Vă contactez din partea Trevoro, platformă românească pentru proprietari de cazări. Planuri transparente: Basic 99 lei/lună, Premium 149 lei/lună, Business 249 lei/lună, cu 0% comision pe rezervări. Înscriere: https://www.trevoro.ro/proprietari"
"12462","Panorama","pensiune","Romania","Ghelari","Hunedoara","","","https://www.facebook.com/Pensiune-Panorama-389974261113536/timeline/","nou","Bună ziua! Vă contactez din partea Trevoro, platformă românească pentru proprietari de cazări. Planuri transparente: Basic 99 lei/lună, Premium 149 lei/lună, Business 249 lei/lună, cu 0% comision pe rezervări. Înscriere: https://www.trevoro.ro/proprietari"
"12472","Castelul Lupilor","pensiune","Romania","Hărău","Hunedoara","","office@castelullupilor.ro","https://www.facebook.com/castelul.lupilor2013/?ref=page_internal","nou","Bună ziua! Vă contactez din partea Trevoro, platformă românească pentru proprietari de cazări. Planuri transparente: Basic 99 lei/lună, Premium 149 lei/lună, Business 249 lei/lună, cu 0% comision pe rezervări. Înscriere: https://www.trevoro.ro/proprietari"
"12476","Casa Din Pământ","pensiune","Romania","Lelese","Hunedoara","","casadinpamant@gmail.com","https://www.facebook.com/casadinpamant","nou","Bună ziua! Vă contactez din partea Trevoro, platformă românească pentru proprietari de cazări. Planuri transparente: Basic 99 lei/lună, Premium 149 lei/lună, Business 249 lei/lună, cu 0% comision pe rezervări. Înscriere: https://www.trevoro.ro/proprietari"
"12483","Popasul Dacilor","pensiune","Romania","Orăştioara De Sus","Hunedoara","","","https://www.facebook.com/pensiuneapopasuldacilor.prodcom","nou","Bună ziua! Vă contactez din partea Trevoro, platformă românească pentru proprietari de cazări. Planuri transparente: Basic 99 lei/lună, Premium 149 lei/lună, Business 249 lei/lună, cu 0% comision pe rezervări. Înscriere: https://www.trevoro.ro/proprietari"
"12488","Moara Lui Antone","pensiune","Romania","Orăştioara De Sus","Hunedoara","","moara_lu_antone@yahoo.com","https://www.facebook.com/MoaraluAntone/","nou","Bună ziua! Vă contactez din partea Trevoro, platformă românească pentru proprietari de cazări. Planuri transparente: Basic 99 lei/lună, Premium 149 lei/lună, Business 249 lei/lună, cu 0% comision pe rezervări. Înscriere: https://www.trevoro.ro/proprietari"
"12491","La Tuşa Duşa","pensiune","Romania","Orăştioara De Sus","Hunedoara","","tusadusa@tusadusa.com","https://www.facebook.com/LaTusaDusa/","nou","Bună ziua! Vă contactez din partea Trevoro, platformă românească pentru proprietari de cazări. Planuri transparente: Basic 99 lei/lună, Premium 149 lei/lună, Business 249 lei/lună, cu 0% comision pe rezervări. Înscriere: https://www.trevoro.ro/proprietari"
"12494","Casiana","pensiune","Romania","Peştişu Mic","Hunedoara","","casiana.turism@gmail.com","https://www.facebook.com/people/Pensiunea-Casiana/100010195561088/","nou","Bună ziua! Vă contactez din partea Trevoro, platformă românească pentru proprietari de cazări. Planuri transparente: Basic 99 lei/lună, Premium 149 lei/lună, Business 249 lei/lună, cu 0% comision pe rezervări. Înscriere: https://www.trevoro.ro/proprietari"
"12495","Casa Crăciun","pensiune","Romania","Peştişu Mic","Hunedoara","","c.mariana@yahoo.com","https://www.facebook.com/profile.php?id=100066980312685","nou","Bună ziua! Vă contactez din partea Trevoro, platformă românească pentru proprietari de cazări. Planuri transparente: Basic 99 lei/lună, Premium 149 lei/lună, Business 249 lei/lună, cu 0% comision pe rezervări. Înscriere: https://www.trevoro.ro/proprietari"
"12515","Retezat","pensiune","Romania","Râu De Mori","Hunedoara","","pensiunearetezat@gmail.com","https://www.facebook.com/pensiunearetezatro/","nou","Bună ziua! Vă contactez din partea Trevoro, platformă românească pentru proprietari de cazări. Planuri transparente: Basic 99 lei/lună, Premium 149 lei/lună, Business 249 lei/lună, cu 0% comision pe rezervări. Înscriere: https://www.trevoro.ro/proprietari"
"12533","La Păstrăvăria Cerna","pensiune","Romania","Râu De Mori","Hunedoara","","ioviancerna@yahoo.com","https://www.facebook.com/laPastravariaCerna/","nou","Bună ziua! Vă contactez din partea Trevoro, platformă românească pentru proprietari de cazări. Planuri transparente: Basic 99 lei/lună, Premium 149 lei/lună, Business 249 lei/lună, cu 0% comision pe rezervări. Înscriere: https://www.trevoro.ro/proprietari"
"12539","Deny & Dany","pensiune","Romania","Ribiţa","Hunedoara","","mihaela_filip82@yahoo.com","https://m.facebook.com/profile.php?id=100069101686147&ref=py_c&_rdr","nou","Bună ziua! Vă contactez din partea Trevoro, platformă românească pentru proprietari de cazări. Planuri transparente: Basic 99 lei/lună, Premium 149 lei/lună, Business 249 lei/lună, cu 0% comision pe rezervări. Înscriere: https://www.trevoro.ro/proprietari"
"12558","Dangela","pensiune","Romania","Sălaşu De Sus","Hunedoara","","daniel_hamz@yahoo.com","https://www.facebook.com/pensiuneadangela/","nou","Bună ziua! Vă contactez din partea Trevoro, platformă românească pentru proprietari de cazări. Planuri transparente: Basic 99 lei/lună, Premium 149 lei/lună, Business 249 lei/lună, cu 0% comision pe rezervări. Înscriere: https://www.trevoro.ro/proprietari"
"12562","La Moşie","pensiune","Romania","Sântămăria-Orlea","Hunedoara","","vilamosie@gmail.com","https://www.facebook.com/lamosiehateg/","nou","Bună ziua! Vă contactez din partea Trevoro, platformă românească pentru proprietari de cazări. Planuri transparente: Basic 99 lei/lună, Premium 149 lei/lună, Business 249 lei/lună, cu 0% comision pe rezervări. Înscriere: https://www.trevoro.ro/proprietari"
"12572","Adicris","pensiune","Romania","Şoimuş","Hunedoara","","","https://www.facebook.com/Pensiunea-Adicris-494860164315006/","nou","Bună ziua! Vă contactez din partea Trevoro, platformă românească pentru proprietari de cazări. Planuri transparente: Basic 99 lei/lună, Premium 149 lei/lună, Business 249 lei/lună, cu 0% comision pe rezervări. Înscriere: https://www.trevoro.ro/proprietari"
"12577","Eva","pensiune","Romania","Şoimuş","Hunedoara","","pensiuneaeva@yahoo.ro","https://www.facebook.com/PensiuneaEva/","nou","Bună ziua! Vă contactez din partea Trevoro, platformă românească pentru proprietari de cazări. Planuri transparente: Basic 99 lei/lună, Premium 149 lei/lună, Business 249 lei/lună, cu 0% comision pe rezervări. Înscriere: https://www.trevoro.ro/proprietari"
"12578","Hermes","pensiune","Romania","Şoimuş","Hunedoara","","niculiciioan@yahoo.com","https://www.facebook.com/Pensiunea-Hermes-1504556999758567/","nou","Bună ziua! Vă contactez din partea Trevoro, platformă românească pentru proprietari de cazări. Planuri transparente: Basic 99 lei/lună, Premium 149 lei/lună, Business 249 lei/lună, cu 0% comision pe rezervări. Înscriere: https://www.trevoro.ro/proprietari"
"12579","Oana","pensiune","Romania","Şoimuş","Hunedoara","","irimieraluca2007@yahoo.ro","https://www.facebook.com/profile.php?id=100057546755181","nou","Bună ziua! Vă contactez din partea Trevoro, platformă românească pentru proprietari de cazări. Planuri transparente: Basic 99 lei/lună, Premium 149 lei/lună, Business 249 lei/lună, cu 0% comision pe rezervări. Înscriere: https://www.trevoro.ro/proprietari"
"12580","Valahia","pensiune","Romania","Şoimuş","Hunedoara","","pensiune_valahia@yahoo.com","https://www.facebook.com/berbeceanutraianpfa/","nou","Bună ziua! Vă contactez din partea Trevoro, platformă românească pentru proprietari de cazări. Planuri transparente: Basic 99 lei/lună, Premium 149 lei/lună, Business 249 lei/lună, cu 0% comision pe rezervări. Înscriere: https://www.trevoro.ro/proprietari"
"12588","La Casuta De Pe Lac","pensiune","Romania","Teliucu Inferior","Hunedoara","","lilianalucaciu2005@yahoo.com","https://www.facebook.com/Casa-de-pe-lac-113372123742703/","nou","Bună ziua! Vă contactez din partea Trevoro, platformă românească pentru proprietari de cazări. Planuri transparente: Basic 99 lei/lună, Premium 149 lei/lună, Business 249 lei/lună, cu 0% comision pe rezervări. Înscriere: https://www.trevoro.ro/proprietari"
"12591","Magic","pensiune","Romania","Teliucu Inferior","Hunedoara","","","https://www.facebook.com/magiccincis/","nou","Bună ziua! Vă contactez din partea Trevoro, platformă românească pentru proprietari de cazări. Planuri transparente: Basic 99 lei/lună, Premium 149 lei/lună, Business 249 lei/lună, cu 0% comision pe rezervări. Înscriere: https://www.trevoro.ro/proprietari"
"12597","Casa Pădurenilor","pensiune","Romania","Topliţa","Hunedoara","","bistrianforest@yahoo.com","https://m.facebook.com/Casa-P%C4%83durenilor-101374615557476/?ref=py_c","nou","Bună ziua! Vă contactez din partea Trevoro, platformă românească pentru proprietari de cazări. Planuri transparente: Basic 99 lei/lună, Premium 149 lei/lună, Business 249 lei/lună, cu 0% comision pe rezervări. Înscriere: https://www.trevoro.ro/proprietari"
"12599","La Sălişte","pensiune","Romania","Toteşti","Hunedoara","","rezervare@lasaliste.ro","https://www.facebook.com/LaSaliste/","nou","Bună ziua! Vă contactez din partea Trevoro, platformă românească pentru proprietari de cazări. Planuri transparente: Basic 99 lei/lună, Premium 149 lei/lună, Business 249 lei/lună, cu 0% comision pe rezervări. Înscriere: https://www.trevoro.ro/proprietari"
"12600","La Mona","pensiune","Romania","Toteşti","Hunedoara","","onica_valeriu@yahoo.com","https://www.facebook.com/PensiuneaLaMona/","nou","Bună ziua! Vă contactez din partea Trevoro, platformă românească pentru proprietari de cazări. Planuri transparente: Basic 99 lei/lună, Premium 149 lei/lună, Business 249 lei/lună, cu 0% comision pe rezervări. Înscriere: https://www.trevoro.ro/proprietari"
"12601","Natalia","pensiune","Romania","Toteşti","Hunedoara","","tasalamirceaovidiu83@gmail.com","https://www.facebook.com/Pensiunea-Natalia-101124441477500/","nou","Bună ziua! Vă contactez din partea Trevoro, platformă românească pentru proprietari de cazări. Planuri transparente: Basic 99 lei/lună, Premium 149 lei/lună, Business 249 lei/lună, cu 0% comision pe rezervări. Înscriere: https://www.trevoro.ro/proprietari"
"12610","Floris","pensiune","Romania","Vaţa De Jos","Hunedoara","","","https://www.facebook.com/Complex-Agroturistic-Floris-2025769560979088/","nou","Bună ziua! Vă contactez din partea Trevoro, platformă românească pentru proprietari de cazări. Planuri transparente: Basic 99 lei/lună, Premium 149 lei/lună, Business 249 lei/lună, cu 0% comision pe rezervări. Înscriere: https://www.trevoro.ro/proprietari"
"12612","Ponor","pensiune","Romania","Vaţa De Jos","Hunedoara","","pensiuneaponor@yahoo.com","https://www.facebook.com/pensiuneaponorvata/","nou","Bună ziua! Vă contactez din partea Trevoro, platformă românească pentru proprietari de cazări. Planuri transparente: Basic 99 lei/lună, Premium 149 lei/lună, Business 249 lei/lună, cu 0% comision pe rezervări. Înscriere: https://www.trevoro.ro/proprietari"
"12616","Eco Familia","pensiune","Romania","Zam","Hunedoara","","victor.dochia@gmail.com","https://m.facebook.com/people/Eco-Familia/100054242150538/","nou","Bună ziua! Vă contactez din partea Trevoro, platformă românească pentru proprietari de cazări. Planuri transparente: Basic 99 lei/lună, Premium 149 lei/lună, Business 249 lei/lună, cu 0% comision pe rezervări. Înscriere: https://www.trevoro.ro/proprietari"
"12622","Cetina","pensiune","Romania","Brad","Hunedoara","","marrox7@yahoo.com","https://www.facebook.com/people/Pensiunea-Cetina/100063706832597/","nou","Bună ziua! Vă contactez din partea Trevoro, platformă românească pentru proprietari de cazări. Planuri transparente: Basic 99 lei/lună, Premium 149 lei/lună, Business 249 lei/lună, cu 0% comision pe rezervări. Înscriere: https://www.trevoro.ro/proprietari"
"12623","Juliana Ballroom","pensiune","Romania","Brad","Hunedoara","","juliana.ballroom@yahoo.com","https://www.facebook.com/JulianaBallroom/","nou","Bună ziua! Vă contactez din partea Trevoro, platformă românească pentru proprietari de cazări. Planuri transparente: Basic 99 lei/lună, Premium 149 lei/lună, Business 249 lei/lună, cu 0% comision pe rezervări. Înscriere: https://www.trevoro.ro/proprietari"
"12627","Mario","pensiune","Romania","Brad","Hunedoara","","","https://www.facebook.com/PeniuneaMarioBrad/","nou","Bună ziua! Vă contactez din partea Trevoro, platformă românească pentru proprietari de cazări. Planuri transparente: Basic 99 lei/lună, Premium 149 lei/lună, Business 249 lei/lună, cu 0% comision pe rezervări. Înscriere: https://www.trevoro.ro/proprietari"
"12646","Casa B&d Residence","pensiune","Romania","Deva","Hunedoara","","dragosss2018@yahoo.com","https://www.facebook.com/PensiuneBD","nou","Bună ziua! Vă contactez din partea Trevoro, platformă românească pentru proprietari de cazări. Planuri transparente: Basic 99 lei/lună, Premium 149 lei/lună, Business 249 lei/lună, cu 0% comision pe rezervări. Înscriere: https://www.trevoro.ro/proprietari"
"12682","Olimpia","pensiune","Romania","Deva","Hunedoara","","cazare@pensiunedeva.ro","https://www.facebook.com/pensiuneolimpiaofficial/","nou","Bună ziua! Vă contactez din partea Trevoro, platformă românească pentru proprietari de cazări. Planuri transparente: Basic 99 lei/lună, Premium 149 lei/lună, Business 249 lei/lună, cu 0% comision pe rezervări. Înscriere: https://www.trevoro.ro/proprietari"
"12687","Roma","pensiune","Romania","Deva","Hunedoara","","","https://www.facebook.com/VVillaRoma/","nou","Bună ziua! Vă contactez din partea Trevoro, platformă românească pentru proprietari de cazări. Planuri transparente: Basic 99 lei/lună, Premium 149 lei/lună, Business 249 lei/lună, cu 0% comision pe rezervări. Înscriere: https://www.trevoro.ro/proprietari"
"12707","Caro","pensiune","Romania","Deva","Hunedoara","","","https://www.facebook.com/Pensiunea-Caro-219494872116317/","nou","Bună ziua! Vă contactez din partea Trevoro, platformă românească pentru proprietari de cazări. Planuri transparente: Basic 99 lei/lună, Premium 149 lei/lună, Business 249 lei/lună, cu 0% comision pe rezervări. Înscriere: https://www.trevoro.ro/proprietari"
"12731","Danut","pensiune","Romania","Hunedoara","Hunedoara","","","https://www.facebook.com/pensiunea.danut","nou","Bună ziua! Vă contactez din partea Trevoro, platformă românească pentru proprietari de cazări. Planuri transparente: Basic 99 lei/lună, Premium 149 lei/lună, Business 249 lei/lună, cu 0% comision pe rezervări. Înscriere: https://www.trevoro.ro/proprietari"
"12757","Stadion","pensiune","Romania","Hunedoara","Hunedoara","","pensiuneastadion@yahoo.com","https://www.facebook.com/pensiunearestaurantstadion/","nou","Bună ziua! Vă contactez din partea Trevoro, platformă românească pentru proprietari de cazări. Planuri transparente: Basic 99 lei/lună, Premium 149 lei/lună, Business 249 lei/lună, cu 0% comision pe rezervări. Înscriere: https://www.trevoro.ro/proprietari"
"12758","Ştefania","pensiune","Romania","Hunedoara","Hunedoara","","gheorghemarcu@yahoo.com","https://www.facebook.com/PensiuneaStefaniaHunedoara","nou","Bună ziua! Vă contactez din partea Trevoro, platformă românească pentru proprietari de cazări. Planuri transparente: Basic 99 lei/lună, Premium 149 lei/lună, Business 249 lei/lună, cu 0% comision pe rezervări. Înscriere: https://www.trevoro.ro/proprietari"
"12764","Krystinne","pensiune","Romania","Hunedoara","Hunedoara","","","https://www.facebook.com/vilakrystine","nou","Bună ziua! Vă contactez din partea Trevoro, platformă românească pentru proprietari de cazări. Planuri transparente: Basic 99 lei/lună, Premium 149 lei/lună, Business 249 lei/lună, cu 0% comision pe rezervări. Înscriere: https://www.trevoro.ro/proprietari"
"12765","Adriana","pensiune","Romania","Lupeni","Hunedoara","","lili2210@yahoo.com","https://www.facebook.com/adrianastraja","nou","Bună ziua! Vă contactez din partea Trevoro, platformă românească pentru proprietari de cazări. Planuri transparente: Basic 99 lei/lună, Premium 149 lei/lună, Business 249 lei/lună, cu 0% comision pe rezervări. Înscriere: https://www.trevoro.ro/proprietari"
"12768","Allma","pensiune","Romania","Lupeni","Hunedoara","","pensiunea.allma@gmail.com","https://www.facebook.com/pensiunea.allma/","nou","Bună ziua! Vă contactez din partea Trevoro, platformă românească pentru proprietari de cazări. Planuri transparente: Basic 99 lei/lună, Premium 149 lei/lună, Business 249 lei/lună, cu 0% comision pe rezervări. Înscriere: https://www.trevoro.ro/proprietari"
"12770","Andreea","pensiune","Romania","Lupeni","Hunedoara","","pensiuneaandreeastraja@yahoo.com","https://www.facebook.com/PensiuneaAndreea/","nou","Bună ziua! Vă contactez din partea Trevoro, platformă românească pentru proprietari de cazări. Planuri transparente: Basic 99 lei/lună, Premium 149 lei/lună, Business 249 lei/lună, cu 0% comision pe rezervări. Înscriere: https://www.trevoro.ro/proprietari"
"12792","Complex Turistic Alessia","pensiune","Romania","Lupeni","Hunedoara","","complexturisticalessia@yahoo.com","https://www.facebook.com/Complex.Turistic.Alessia","nou","Bună ziua! Vă contactez din partea Trevoro, platformă românească pentru proprietari de cazări. Planuri transparente: Basic 99 lei/lună, Premium 149 lei/lună, Business 249 lei/lună, cu 0% comision pe rezervări. Înscriere: https://www.trevoro.ro/proprietari"
"12796","Dacia","pensiune","Romania","Lupeni","Hunedoara","","daciastraja@yahoo.com","https://www.facebook.com/PensiuneaDACIA/","nou","Bună ziua! Vă contactez din partea Trevoro, platformă românească pentru proprietari de cazări. Planuri transparente: Basic 99 lei/lună, Premium 149 lei/lună, Business 249 lei/lună, cu 0% comision pe rezervări. Înscriere: https://www.trevoro.ro/proprietari"
"12797","Daiana","pensiune","Romania","Lupeni","Hunedoara","","daiana_straja@yahoo.com","https://www.facebook.com/Pensiunea-Daiana-Straja-HD-102427425616590/","nou","Bună ziua! Vă contactez din partea Trevoro, platformă românească pentru proprietari de cazări. Planuri transparente: Basic 99 lei/lună, Premium 149 lei/lună, Business 249 lei/lună, cu 0% comision pe rezervări. Înscriere: https://www.trevoro.ro/proprietari"
"12820","Noring","pensiune","Romania","Lupeni","Hunedoara","","","https://www.facebook.com/groups/344219222716309/","nou","Bună ziua! Vă contactez din partea Trevoro, platformă românească pentru proprietari de cazări. Planuri transparente: Basic 99 lei/lună, Premium 149 lei/lună, Business 249 lei/lună, cu 0% comision pe rezervări. Înscriere: https://www.trevoro.ro/proprietari"
"12825","Red House","pensiune","Romania","Lupeni","Hunedoara","","red_montan@yahoo.com","https://www.facebook.com/pensiunea.redhouse/","nou","Bună ziua! Vă contactez din partea Trevoro, platformă românească pentru proprietari de cazări. Planuri transparente: Basic 99 lei/lună, Premium 149 lei/lună, Business 249 lei/lună, cu 0% comision pe rezervări. Înscriere: https://www.trevoro.ro/proprietari"
"12832","Teo","pensiune","Romania","Lupeni","Hunedoara","","","https://www.facebook.com/pensiuneateostraja/","nou","Bună ziua! Vă contactez din partea Trevoro, platformă românească pentru proprietari de cazări. Planuri transparente: Basic 99 lei/lună, Premium 149 lei/lună, Business 249 lei/lună, cu 0% comision pe rezervări. Înscriere: https://www.trevoro.ro/proprietari"
"12846","Jorja","pensiune","Romania","Orăştie","Hunedoara","","","https://www.facebook.com/pensiunea.jorjaorastie","nou","Bună ziua! Vă contactez din partea Trevoro, platformă românească pentru proprietari de cazări. Planuri transparente: Basic 99 lei/lună, Premium 149 lei/lună, Business 249 lei/lună, cu 0% comision pe rezervări. Înscriere: https://www.trevoro.ro/proprietari"
"12850","Şura","pensiune","Romania","Orăştie","Hunedoara","","marinel.beca@yahoo.com","https://www.facebook.com/OrastieSura/","nou","Bună ziua! Vă contactez din partea Trevoro, platformă românească pentru proprietari de cazări. Planuri transparente: Basic 99 lei/lună, Premium 149 lei/lună, Business 249 lei/lună, cu 0% comision pe rezervări. Înscriere: https://www.trevoro.ro/proprietari"
"12851","Alexia","pensiune","Romania","Petroşani","Hunedoara","","","https://www.facebook.com/people/Pensiunea-Alexia-Par%C3%A2ng/100060685735193/","nou","Bună ziua! Vă contactez din partea Trevoro, platformă românească pentru proprietari de cazări. Planuri transparente: Basic 99 lei/lună, Premium 149 lei/lună, Business 249 lei/lună, cu 0% comision pe rezervări. Înscriere: https://www.trevoro.ro/proprietari"
"12900","Căprişoara","pensiune","Romania","Vulcan","Hunedoara","","","https://www.facebook.com/CabanaCaprisoaraVulcan/","nou","Bună ziua! Vă contactez din partea Trevoro, platformă românească pentru proprietari de cazări. Planuri transparente: Basic 99 lei/lună, Premium 149 lei/lună, Business 249 lei/lună, cu 0% comision pe rezervări. Înscriere: https://www.trevoro.ro/proprietari"
"12903","Paradisul Verde","pensiune","Romania","Vulcan","Hunedoara","","daiman_straja@yahoo.com","https://www.facebook.com/paradisulverde.hd/","nou","Bună ziua! Vă contactez din partea Trevoro, platformă românească pentru proprietari de cazări. Planuri transparente: Basic 99 lei/lună, Premium 149 lei/lună, Business 249 lei/lună, cu 0% comision pe rezervări. Înscriere: https://www.trevoro.ro/proprietari"
"12965","Dealul Viilor","pensiune","Romania","Oraş Haţeg","Hunedoara","","","https://www.facebook.com/Pensiunea-Dealul-Viilor-Hateg-421827161257313/","nou","Bună ziua! Vă contactez din partea Trevoro, platformă românească pentru proprietari de cazări. Planuri transparente: Basic 99 lei/lună, Premium 149 lei/lună, Business 249 lei/lună, cu 0% comision pe rezervări. Înscriere: https://www.trevoro.ro/proprietari"
"12966","Emma","pensiune","Romania","Oraş Haţeg","Hunedoara","","multiservdecor@yahoo.com","https://www.facebook.com/PensiuneaEmmaHateg/","nou","Bună ziua! Vă contactez din partea Trevoro, platformă românească pentru proprietari de cazări. Planuri transparente: Basic 99 lei/lună, Premium 149 lei/lună, Business 249 lei/lună, cu 0% comision pe rezervări. Înscriere: https://www.trevoro.ro/proprietari"
"12976","Ovy & Dya","pensiune","Romania","Oraş Haţeg","Hunedoara","","pensiuneaovydya@yahoo.com","https://www.facebook.com/pensiuneaovysidya/","nou","Bună ziua! Vă contactez din partea Trevoro, platformă românească pentru proprietari de cazări. Planuri transparente: Basic 99 lei/lună, Premium 149 lei/lună, Business 249 lei/lună, cu 0% comision pe rezervări. Înscriere: https://www.trevoro.ro/proprietari"
"13006","Phoenix","pensiune","Romania","Simeria","Hunedoara","","mioara_carstea@hotmail.com","https://www.facebook.com/profile.php?id=100051468775952","nou","Bună ziua! Vă contactez din partea Trevoro, platformă românească pentru proprietari de cazări. Planuri transparente: Basic 99 lei/lună, Premium 149 lei/lună, Business 249 lei/lună, cu 0% comision pe rezervări. Înscriere: https://www.trevoro.ro/proprietari"
"13016","Dario","pensiune","Romania","Uricani","Hunedoara","","pensiuneadario@gmail.com","https://www.facebook.com/pensiuneadario/","nou","Bună ziua! Vă contactez din partea Trevoro, platformă românească pentru proprietari de cazări. Planuri transparente: Basic 99 lei/lună, Premium 149 lei/lună, Business 249 lei/lună, cu 0% comision pe rezervări. Înscriere: https://www.trevoro.ro/proprietari"
"13064","Vis Aventura","pensiune","Romania","Bârnova","Iaşi","","pensiuneavisaventura@yahoo.com","https://www.facebook.com/people/VisAventura-Iasi/100057410830892/","nou","Bună ziua! Vă contactez din partea Trevoro, platformă românească pentru proprietari de cazări. Planuri transparente: Basic 99 lei/lună, Premium 149 lei/lună, Business 249 lei/lună, cu 0% comision pe rezervări. Înscriere: https://www.trevoro.ro/proprietari"
"13073","Gabriel","pensiune","Romania","Dobrovăţ","Iaşi","","patlagicagaby@yahoo.com","https://ro-ro.facebook.com/AgropensiuneaGabriel/","nou","Bună ziua! Vă contactez din partea Trevoro, platformă românească pentru proprietari de cazări. Planuri transparente: Basic 99 lei/lună, Premium 149 lei/lună, Business 249 lei/lună, cu 0% comision pe rezervări. Înscriere: https://www.trevoro.ro/proprietari"
"13074","Rădăcina","pensiune","Romania","Dobrovăţ","Iaşi","","pensiunearadacina@yahoo.com","https://www.facebook.com/pg/Pensiunea-Radacina-2031719486852712/posts/","nou","Bună ziua! Vă contactez din partea Trevoro, platformă românească pentru proprietari de cazări. Planuri transparente: Basic 99 lei/lună, Premium 149 lei/lună, Business 249 lei/lună, cu 0% comision pe rezervări. Înscriere: https://www.trevoro.ro/proprietari"
"13086","Neptun Street","pensiune","Romania","Miroslava","Iaşi","","valentin130008@yahoo.com","https://www.facebook.com/pages/category/Bed-and-Breakfast/Pensiunea-Neptun-125098682215731/","nou","Bună ziua! Vă contactez din partea Trevoro, platformă românească pentru proprietari de cazări. Planuri transparente: Basic 99 lei/lună, Premium 149 lei/lună, Business 249 lei/lună, cu 0% comision pe rezervări. Înscriere: https://www.trevoro.ro/proprietari"
"13096","Casa Vânătorului","pensiune","Romania","Oţeleni","Iaşi","","pensiune.casa.vanatorului@gmail.com","https://ro-ro.facebook.com/PensiuneaCasaVanatorului/","nou","Bună ziua! Vă contactez din partea Trevoro, platformă românească pentru proprietari de cazări. Planuri transparente: Basic 99 lei/lună, Premium 149 lei/lună, Business 249 lei/lună, cu 0% comision pe rezervări. Înscriere: https://www.trevoro.ro/proprietari"
"13098","Carolina","pensiune","Romania","Popricani","Iaşi","","pensiunea.carolina@yahoo.com","https://ro-ro.facebook.com/Pensiunea.Carolina/","nou","Bună ziua! Vă contactez din partea Trevoro, platformă românească pentru proprietari de cazări. Planuri transparente: Basic 99 lei/lună, Premium 149 lei/lună, Business 249 lei/lună, cu 0% comision pe rezervări. Înscriere: https://www.trevoro.ro/proprietari"
"13103","Casa Angela","pensiune","Romania","Ţibăneşti","Iaşi","","guzgaionel@yahoo.com","https://ro-ro.facebook.com/agropensiuneacasaangela/","nou","Bună ziua! Vă contactez din partea Trevoro, platformă românească pentru proprietari de cazări. Planuri transparente: Basic 99 lei/lună, Premium 149 lei/lună, Business 249 lei/lună, cu 0% comision pe rezervări. Înscriere: https://www.trevoro.ro/proprietari"
"13250","Markos","pensiune","Romania","Paşcani","Iaşi","","pensiuneamarkos@gmail.com","https://www.facebook.com/Pensiunea-Markos-272982922752929/","nou","Bună ziua! Vă contactez din partea Trevoro, platformă românească pentru proprietari de cazări. Planuri transparente: Basic 99 lei/lună, Premium 149 lei/lună, Business 249 lei/lună, cu 0% comision pe rezervări. Înscriere: https://www.trevoro.ro/proprietari"
"13486","Casa Poienar","pensiune","Romania","Botiza","Maramureş","","mariepoienar@yahoo.com","https://www.facebook.com/Pensiunea-Poienar-Maria-165629746979530","nou","Bună ziua! Vă contactez din partea Trevoro, platformă românească pentru proprietari de cazări. Planuri transparente: Basic 99 lei/lună, Premium 149 lei/lună, Business 249 lei/lună, cu 0% comision pe rezervări. Înscriere: https://www.trevoro.ro/proprietari"
"13494","Petreuş Irina","pensiune","Romania","Botiza","Maramureş","","","https://ro-ro.facebook.com/pages/category/Bar---Grill/Pensiunea-Petreus-Irina-719476761414958/","nou","Bună ziua! Vă contactez din partea Trevoro, platformă românească pentru proprietari de cazări. Planuri transparente: Basic 99 lei/lună, Premium 149 lei/lună, Business 249 lei/lună, cu 0% comision pe rezervări. Înscriere: https://www.trevoro.ro/proprietari"
"13499","Bontoş","pensiune","Romania","Budeşti","Maramureş","","","https://m.facebook.com/Pensiunea-Bontos-457728934314274/","nou","Bună ziua! Vă contactez din partea Trevoro, platformă românească pentru proprietari de cazări. Planuri transparente: Basic 99 lei/lună, Premium 149 lei/lună, Business 249 lei/lună, cu 0% comision pe rezervări. Înscriere: https://www.trevoro.ro/proprietari"
"13506","Mişu","pensiune","Romania","Budeşti","Maramureş","","","https://www.facebook.com/Pensiunea-Mi%C8%99u-114272183764512/?ref=py_c","nou","Bună ziua! Vă contactez din partea Trevoro, platformă românească pentru proprietari de cazări. Planuri transparente: Basic 99 lei/lună, Premium 149 lei/lună, Business 249 lei/lună, cu 0% comision pe rezervări. Înscriere: https://www.trevoro.ro/proprietari"
"13520","Casa Opriş","pensiune","Romania","Călineşti","Maramureş","","casaopris@yahoo.com","https://www.facebook.com/pensiuneacasa.opris","nou","Bună ziua! Vă contactez din partea Trevoro, platformă românească pentru proprietari de cazări. Planuri transparente: Basic 99 lei/lună, Premium 149 lei/lună, Business 249 lei/lună, cu 0% comision pe rezervări. Înscriere: https://www.trevoro.ro/proprietari"
"13526","Armonia","pensiune","Romania","Călineşti","Maramureş","","andreica.petri@yahoo.com","https://www.facebook.com/pensiuneaarmonia/","nou","Bună ziua! Vă contactez din partea Trevoro, platformă românească pentru proprietari de cazări. Planuri transparente: Basic 99 lei/lună, Premium 149 lei/lună, Business 249 lei/lună, cu 0% comision pe rezervări. Înscriere: https://www.trevoro.ro/proprietari"
"13538","La Sofia","pensiune","Romania","Cerneşti","Maramureş","","ionutgherghelps4@yahoo.ro","https://www.facebook.com/Agropensiunea-La-Sofia-104801531753674/","nou","Bună ziua! Vă contactez din partea Trevoro, platformă românească pentru proprietari de cazări. Planuri transparente: Basic 99 lei/lună, Premium 149 lei/lună, Business 249 lei/lună, cu 0% comision pe rezervări. Înscriere: https://www.trevoro.ro/proprietari"
"13548","Popasul Din Vale","pensiune","Romania","Coltău","Maramureş","","","https://ro-ro.facebook.com/popasul.dinvale.5","nou","Bună ziua! Vă contactez din partea Trevoro, platformă românească pentru proprietari de cazări. Planuri transparente: Basic 99 lei/lună, Premium 149 lei/lună, Business 249 lei/lună, cu 0% comision pe rezervări. Înscriere: https://www.trevoro.ro/proprietari"
"13565","Casa De Peste Rau","pensiune","Romania","Copalnic-Mănăştur","Maramureş","","monaturism@yahoo.com","https://www.facebook.com/profile.php?id=100057256338411","nou","Bună ziua! Vă contactez din partea Trevoro, platformă românească pentru proprietari de cazări. Planuri transparente: Basic 99 lei/lună, Premium 149 lei/lună, Business 249 lei/lună, cu 0% comision pe rezervări. Înscriere: https://www.trevoro.ro/proprietari"
"13572","Valea Sireului","pensiune","Romania","Copalnic-Mănăştur","Maramureş","","","https://www.facebook.com/valeasireului","nou","Bună ziua! Vă contactez din partea Trevoro, platformă românească pentru proprietari de cazări. Planuri transparente: Basic 99 lei/lună, Premium 149 lei/lună, Business 249 lei/lună, cu 0% comision pe rezervări. Înscriere: https://www.trevoro.ro/proprietari"
"13575","Duminora","pensiune","Romania","Copalnic-Mănăştur","Maramureş","","","https://www.facebook.com/Agropensiunea-Duminora-100755308383766/","nou","Bună ziua! Vă contactez din partea Trevoro, platformă românească pentru proprietari de cazări. Planuri transparente: Basic 99 lei/lună, Premium 149 lei/lună, Business 249 lei/lună, cu 0% comision pe rezervări. Înscriere: https://www.trevoro.ro/proprietari"
"13577","Popasul Din Pietrari","pensiune","Romania","Copalnic-Mănăştur","Maramureş","","","https://www.facebook.com/popasul.din.pietrar/","nou","Bună ziua! Vă contactez din partea Trevoro, platformă românească pentru proprietari de cazări. Planuri transparente: Basic 99 lei/lună, Premium 149 lei/lună, Business 249 lei/lună, cu 0% comision pe rezervări. Înscriere: https://www.trevoro.ro/proprietari"
"13581","Pe Poderei","pensiune","Romania","Cupşeni","Maramureş","","agropensiuneapepoderei@gmail.com","https://www.facebook.com/agropensiuneapepoderei/","nou","Bună ziua! Vă contactez din partea Trevoro, platformă românească pentru proprietari de cazări. Planuri transparente: Basic 99 lei/lună, Premium 149 lei/lună, Business 249 lei/lună, cu 0% comision pe rezervări. Înscriere: https://www.trevoro.ro/proprietari"
"13585","Brăduţ","pensiune","Romania","Deseşti","Maramureş","","","https://www.facebook.com/Pensiunea-Br%C4%83du%C8%9B-Sta%C8%9Biunea-Izvoare-1918361","nou","Bună ziua! Vă contactez din partea Trevoro, platformă românească pentru proprietari de cazări. Planuri transparente: Basic 99 lei/lună, Premium 149 lei/lună, Business 249 lei/lună, cu 0% comision pe rezervări. Înscriere: https://www.trevoro.ro/proprietari"
"13593","Mountain Pearl","pensiune","Romania","Deseşti","Maramureş","","poiana2016@yahoo.com","https://m.facebook.com/people/Pensiunea-Mountain-Pearl/100075729430382/","nou","Bună ziua! Vă contactez din partea Trevoro, platformă românească pentru proprietari de cazări. Planuri transparente: Basic 99 lei/lună, Premium 149 lei/lună, Business 249 lei/lună, cu 0% comision pe rezervări. Înscriere: https://www.trevoro.ro/proprietari"
"13597","Casa De Piatră","pensiune","Romania","Deseşti","Maramureş","","angelacostin@yahoo.com","https://m.facebook.com/profile.php?id=100075627146982&locale2=br_FR&_rdr","nou","Bună ziua! Vă contactez din partea Trevoro, platformă românească pentru proprietari de cazări. Planuri transparente: Basic 99 lei/lună, Premium 149 lei/lună, Business 249 lei/lună, cu 0% comision pe rezervări. Înscriere: https://www.trevoro.ro/proprietari"
"13599","La Pintea Haiducu","pensiune","Romania","Deseşti","Maramureş","","vasilius30@yahoo.es","https://ro-ro.facebook.com/vasilius30/","nou","Bună ziua! Vă contactez din partea Trevoro, platformă românească pentru proprietari de cazări. Planuri transparente: Basic 99 lei/lună, Premium 149 lei/lună, Business 249 lei/lună, cu 0% comision pe rezervări. Înscriere: https://www.trevoro.ro/proprietari"
"13607","Maria","pensiune","Romania","Dumbrăviţa","Maramureş","","","https://www.facebook.com/agropensiuneamaria1/","nou","Bună ziua! Vă contactez din partea Trevoro, platformă românească pentru proprietari de cazări. Planuri transparente: Basic 99 lei/lună, Premium 149 lei/lună, Business 249 lei/lună, cu 0% comision pe rezervări. Înscriere: https://www.trevoro.ro/proprietari"
"13609","Casa Doamnei","pensiune","Romania","Fărcaşa","Maramureş","","","https://www.facebook.com/CasaDoamneiTamaia/","nou","Bună ziua! Vă contactez din partea Trevoro, platformă românească pentru proprietari de cazări. Planuri transparente: Basic 99 lei/lună, Premium 149 lei/lună, Business 249 lei/lună, cu 0% comision pe rezervări. Înscriere: https://www.trevoro.ro/proprietari"
"13613","Zbona","pensiune","Romania","Giuleşti","Maramureş","","zbonazbona@yahoo.com","https://www.facebook.com/PensiuneaZbona","nou","Bună ziua! Vă contactez din partea Trevoro, platformă românească pentru proprietari de cazări. Planuri transparente: Basic 99 lei/lună, Premium 149 lei/lună, Business 249 lei/lună, cu 0% comision pe rezervări. Înscriere: https://www.trevoro.ro/proprietari"
"13615","Casa Andreica","pensiune","Romania","Giuleşti","Maramureş","","casaandreica@yahoo.com","https://www.facebook.com/people/Pensiunea-Casa-Andreica/100063768543497/","nou","Bună ziua! Vă contactez din partea Trevoro, platformă românească pentru proprietari de cazări. Planuri transparente: Basic 99 lei/lună, Premium 149 lei/lună, Business 249 lei/lună, cu 0% comision pe rezervări. Înscriere: https://www.trevoro.ro/proprietari"
"13620","Laura","pensiune","Romania","Giuleşti","Maramureş","","","https://ro-ro.facebook.com/pages/category/Hotel/Pensiunea-Laura-149801435381600/","nou","Bună ziua! Vă contactez din partea Trevoro, platformă românească pentru proprietari de cazări. Planuri transparente: Basic 99 lei/lună, Premium 149 lei/lună, Business 249 lei/lună, cu 0% comision pe rezervări. Înscriere: https://www.trevoro.ro/proprietari"
"13625","Plaiul Moroşenilor","pensiune","Romania","Groşii Ţibleşului","Maramureş","","","https://www.facebook.com/Cabana-Plaiul-Moro%C8%99enilor-105673491835068/","nou","Bună ziua! Vă contactez din partea Trevoro, platformă românească pentru proprietari de cazări. Planuri transparente: Basic 99 lei/lună, Premium 149 lei/lună, Business 249 lei/lună, cu 0% comision pe rezervări. Înscriere: https://www.trevoro.ro/proprietari"
"13627","Schilacy","pensiune","Romania","Groşii Ţibleşului","Maramureş","","aurica_pop@yahoo.com","https://ro-ro.facebook.com/pensiuneaschilaci/","nou","Bună ziua! Vă contactez din partea Trevoro, platformă românească pentru proprietari de cazări. Planuri transparente: Basic 99 lei/lună, Premium 149 lei/lună, Business 249 lei/lună, cu 0% comision pe rezervări. Înscriere: https://www.trevoro.ro/proprietari"
"13645","Alinuţa","pensiune","Romania","Moisei","Maramureş","","pensiuneaalina2021@yahoo.com","https://www.facebook.com/PensiuneaAlinutaMoisei","nou","Bună ziua! Vă contactez din partea Trevoro, platformă românească pentru proprietari de cazări. Planuri transparente: Basic 99 lei/lună, Premium 149 lei/lună, Business 249 lei/lună, cu 0% comision pe rezervări. Înscriere: https://www.trevoro.ro/proprietari"
"13652","Casa Bunicii","pensiune","Romania","Moisei","Maramureş","","g.ciumau@yahoo.com","https://www.facebook.com/Casabunicii.ro/","nou","Bună ziua! Vă contactez din partea Trevoro, platformă românească pentru proprietari de cazări. Planuri transparente: Basic 99 lei/lună, Premium 149 lei/lună, Business 249 lei/lună, cu 0% comision pe rezervări. Înscriere: https://www.trevoro.ro/proprietari"
"13676","Casa Ralucăi","pensiune","Romania","Moisei","Maramureş","","casuta.ralucai@gmail.com","https://www.facebook.com/Pensiunea-Casa-Ralucai-2046555672279931/","nou","Bună ziua! Vă contactez din partea Trevoro, platformă românească pentru proprietari de cazări. Planuri transparente: Basic 99 lei/lună, Premium 149 lei/lună, Business 249 lei/lună, cu 0% comision pe rezervări. Înscriere: https://www.trevoro.ro/proprietari"
"13681","Daniela","pensiune","Romania","Moisei","Maramureş","","","https://www.facebook.com/PensiuneaDanielaMoisei/","nou","Bună ziua! Vă contactez din partea Trevoro, platformă românească pentru proprietari de cazări. Planuri transparente: Basic 99 lei/lună, Premium 149 lei/lună, Business 249 lei/lună, cu 0% comision pe rezervări. Înscriere: https://www.trevoro.ro/proprietari"
"13697","Niţuca","pensiune","Romania","Moisei","Maramureş","","","https://ro-ro.facebook.com/pensiuneanituca/","nou","Bună ziua! Vă contactez din partea Trevoro, platformă românească pentru proprietari de cazări. Planuri transparente: Basic 99 lei/lună, Premium 149 lei/lună, Business 249 lei/lună, cu 0% comision pe rezervări. Înscriere: https://www.trevoro.ro/proprietari"
"13700","Pietrosul Rodnei","pensiune","Romania","Moisei","Maramureş","","pensiuneapietrosulrodnei@gmail.com","https://ro-ro.facebook.com/pietrosulrodnei.moisei/","nou","Bună ziua! Vă contactez din partea Trevoro, platformă românească pentru proprietari de cazări. Planuri transparente: Basic 99 lei/lună, Premium 149 lei/lună, Business 249 lei/lună, cu 0% comision pe rezervări. Înscriere: https://www.trevoro.ro/proprietari"
"13701","Poiana Căprioarelor","pensiune","Romania","Moisei","Maramureş","","","https://ro-ro.facebook.com/pensiunea.poianacaprioarelor","nou","Bună ziua! Vă contactez din partea Trevoro, platformă românească pentru proprietari de cazări. Planuri transparente: Basic 99 lei/lună, Premium 149 lei/lună, Business 249 lei/lună, cu 0% comision pe rezervări. Înscriere: https://www.trevoro.ro/proprietari"
"13702","Popasul Vânătorului","pensiune","Romania","Moisei","Maramureş","","","https://ro-ro.facebook.com/pages/category/Bed-and-Breakfast/Pensiunea-Popasul-Vanatorului-206881806747164/","nou","Bună ziua! Vă contactez din partea Trevoro, platformă românească pentru proprietari de cazări. Planuri transparente: Basic 99 lei/lună, Premium 149 lei/lună, Business 249 lei/lună, cu 0% comision pe rezervări. Înscriere: https://www.trevoro.ro/proprietari"
"13703","Simi","pensiune","Romania","Moisei","Maramureş","","penisiuneasimi87@gmail.com","https://www.facebook.com/PensiuneaAgroturisticaSimi/","nou","Bună ziua! Vă contactez din partea Trevoro, platformă românească pentru proprietari de cazări. Planuri transparente: Basic 99 lei/lună, Premium 149 lei/lună, Business 249 lei/lună, cu 0% comision pe rezervări. Înscriere: https://www.trevoro.ro/proprietari"
"13705","Teodora","pensiune","Romania","Moisei","Maramureş","","sergiustetcu@yahoo.ro","https://www.facebook.com/PensiuneaTeodoraMoisei/","nou","Bună ziua! Vă contactez din partea Trevoro, platformă românească pentru proprietari de cazări. Planuri transparente: Basic 99 lei/lună, Premium 149 lei/lună, Business 249 lei/lună, cu 0% comision pe rezervări. Înscriere: https://www.trevoro.ro/proprietari"
"13707","Vadul Lupilor","pensiune","Romania","Moisei","Maramureş","","","https://ro-ro.facebook.com/pages/category/Vacation-Home-Rental/Vadul-Lupilor-194523040739474/","nou","Bună ziua! Vă contactez din partea Trevoro, platformă românească pentru proprietari de cazări. Planuri transparente: Basic 99 lei/lună, Premium 149 lei/lună, Business 249 lei/lună, cu 0% comision pe rezervări. Înscriere: https://www.trevoro.ro/proprietari"
"13730","Casa Pîrja","pensiune","Romania","Ocna Şugatag","Maramureş","","petreusii@yahoo.com","https://www.facebook.com/Casa-Pirja-101771411585582/","nou","Bună ziua! Vă contactez din partea Trevoro, platformă românească pentru proprietari de cazări. Planuri transparente: Basic 99 lei/lună, Premium 149 lei/lună, Business 249 lei/lună, cu 0% comision pe rezervări. Înscriere: https://www.trevoro.ro/proprietari"
"13747","Marioara","pensiune","Romania","Ocna Şugatag","Maramureş","","pensiuneamarioara@yahoo.com","https://ro-ro.facebook.com/pensiuneamarioarabreb/","nou","Bună ziua! Vă contactez din partea Trevoro, platformă românească pentru proprietari de cazări. Planuri transparente: Basic 99 lei/lună, Premium 149 lei/lună, Business 249 lei/lună, cu 0% comision pe rezervări. Înscriere: https://www.trevoro.ro/proprietari"
"13797","Iedera","pensiune","Romania","Ocna Şugatag","Maramureş","","pensiuneaiedera@yahoo.com","https://www.facebook.com/botezatu62","nou","Bună ziua! Vă contactez din partea Trevoro, platformă românească pentru proprietari de cazări. Planuri transparente: Basic 99 lei/lună, Premium 149 lei/lună, Business 249 lei/lună, cu 0% comision pe rezervări. Înscriere: https://www.trevoro.ro/proprietari"
"13802","Magnolia","pensiune","Romania","Ocna Şugatag","Maramureş","","pensiuneamagnolia10@yahoo.com","https://ro-ro.facebook.com/magnoliaocnasugatag/","nou","Bună ziua! Vă contactez din partea Trevoro, platformă românească pentru proprietari de cazări. Planuri transparente: Basic 99 lei/lună, Premium 149 lei/lună, Business 249 lei/lună, cu 0% comision pe rezervări. Înscriere: https://www.trevoro.ro/proprietari"
"13803","Maia","pensiune","Romania","Ocna Şugatag","Maramureş","","pensiuneamaia@gmail.com","https://www.facebook.com/PENSIUNEAMAIA","nou","Bună ziua! Vă contactez din partea Trevoro, platformă românească pentru proprietari de cazări. Planuri transparente: Basic 99 lei/lună, Premium 149 lei/lună, Business 249 lei/lună, cu 0% comision pe rezervări. Înscriere: https://www.trevoro.ro/proprietari"
"13815","Sandra","pensiune","Romania","Ocna Şugatag","Maramureş","","","https://www.facebook.com/PensiuneaSandraMaramures/","nou","Bună ziua! Vă contactez din partea Trevoro, platformă românească pentru proprietari de cazări. Planuri transparente: Basic 99 lei/lună, Premium 149 lei/lună, Business 249 lei/lună, cu 0% comision pe rezervări. Înscriere: https://www.trevoro.ro/proprietari"
"13821","Tiplea","pensiune","Romania","Ocna Şugatag","Maramureş","","visovan.anca@yahoo.com","https://www.facebook.com/pensiuneatiplea/","nou","Bună ziua! Vă contactez din partea Trevoro, platformă românească pentru proprietari de cazări. Planuri transparente: Basic 99 lei/lună, Premium 149 lei/lună, Business 249 lei/lună, cu 0% comision pe rezervări. Înscriere: https://www.trevoro.ro/proprietari"
"13827","Bud","pensiune","Romania","Onceşti","Maramureş","","sc.oncesti@yahoo.com","https://www.facebook.com/pages/Pensiunea%20BUD/670778043269483/","nou","Bună ziua! Vă contactez din partea Trevoro, platformă românească pentru proprietari de cazări. Planuri transparente: Basic 99 lei/lună, Premium 149 lei/lună, Business 249 lei/lună, cu 0% comision pe rezervări. Înscriere: https://www.trevoro.ro/proprietari"
"13839","Sub Cetate La Matei","pensiune","Romania","Onceşti","Maramureş","","subcetatelamatei@yahoo.com","https://ro-ro.facebook.com/subcetatelamatei/","nou","Bună ziua! Vă contactez din partea Trevoro, platformă românească pentru proprietari de cazări. Planuri transparente: Basic 99 lei/lună, Premium 149 lei/lună, Business 249 lei/lună, cu 0% comision pe rezervări. Înscriere: https://www.trevoro.ro/proprietari"
"13846","Poveşti Din Maramureş","pensiune","Romania","Petrova","Maramureş","","danaflorian31@yahoo.com","https://www.facebook.com/PovestiDinMaramures.ro/","nou","Bună ziua! Vă contactez din partea Trevoro, platformă românească pentru proprietari de cazări. Planuri transparente: Basic 99 lei/lună, Premium 149 lei/lună, Business 249 lei/lună, cu 0% comision pe rezervări. Înscriere: https://www.trevoro.ro/proprietari"
"13849","Alina","pensiune","Romania","Poienile Izei","Maramureş","","iliesiflorin@yahoo.com","https://www.facebook.com/Pensiunea-Alina-653733727970831/","nou","Bună ziua! Vă contactez din partea Trevoro, platformă românească pentru proprietari de cazări. Planuri transparente: Basic 99 lei/lună, Premium 149 lei/lună, Business 249 lei/lună, cu 0% comision pe rezervări. Înscriere: https://www.trevoro.ro/proprietari"
"13851","Casa Anuca","pensiune","Romania","Poienile Izei","Maramureş","","rednicvasile25@gmail.com","https://www.facebook.com/pages/category/Bed-and-Breakfast/Pensiunea-Anuca-102341501563085/","nou","Bună ziua! Vă contactez din partea Trevoro, platformă românească pentru proprietari de cazări. Planuri transparente: Basic 99 lei/lună, Premium 149 lei/lună, Business 249 lei/lună, cu 0% comision pe rezervări. Înscriere: https://www.trevoro.ro/proprietari"
"13852","Casa Bobocea","pensiune","Romania","Poienile Izei","Maramureş","","sasavocat@yahoo.com","https://www.facebook.com/ioana.bobocea.35","nou","Bună ziua! Vă contactez din partea Trevoro, platformă românească pentru proprietari de cazări. Planuri transparente: Basic 99 lei/lună, Premium 149 lei/lună, Business 249 lei/lună, cu 0% comision pe rezervări. Înscriere: https://www.trevoro.ro/proprietari"
"13857","Casa Iulia","pensiune","Romania","Poienile Izei","Maramureş","","pensiuneacasaiulia@gmail.com","https://www.facebook.com/pensiunea.casaiulia.71","nou","Bună ziua! Vă contactez din partea Trevoro, platformă românească pentru proprietari de cazări. Planuri transparente: Basic 99 lei/lună, Premium 149 lei/lună, Business 249 lei/lună, cu 0% comision pe rezervări. Înscriere: https://www.trevoro.ro/proprietari"
"13863","Domnita","pensiune","Romania","Poienile Izei","Maramureş","","domnita_ilies@yahoo.com","https://ro-ro.facebook.com/PensiuneaLaDomnita/","nou","Bună ziua! Vă contactez din partea Trevoro, platformă românească pentru proprietari de cazări. Planuri transparente: Basic 99 lei/lună, Premium 149 lei/lună, Business 249 lei/lună, cu 0% comision pe rezervări. Înscriere: https://www.trevoro.ro/proprietari"
"13866","Ion De La Cruce","pensiune","Romania","Poienile Izei","Maramureş","","iliesancamaria@yahoo.com","https://www.facebook.com/pensiuneaiondelacruce.ro","nou","Bună ziua! Vă contactez din partea Trevoro, platformă românească pentru proprietari de cazări. Planuri transparente: Basic 99 lei/lună, Premium 149 lei/lună, Business 249 lei/lună, cu 0% comision pe rezervări. Înscriere: https://www.trevoro.ro/proprietari"
"13868","Liliana","pensiune","Romania","Poienile Izei","Maramureş","","","https://ro-ro.facebook.com/pages/category/Bed-and-Breakfast/PENSIUNEA-LILIANA--193071694098121/","nou","Bună ziua! Vă contactez din partea Trevoro, platformă românească pentru proprietari de cazări. Planuri transparente: Basic 99 lei/lună, Premium 149 lei/lună, Business 249 lei/lună, cu 0% comision pe rezervări. Înscriere: https://www.trevoro.ro/proprietari"
"13870","Mirela","pensiune","Romania","Poienile Izei","Maramureş","","petreusmirela@yahoo.com","https://www.facebook.com/pages/category/Bed-and-Breakfast/Pensiunea-Mirela-105549837809292/","nou","Bună ziua! Vă contactez din partea Trevoro, platformă românească pentru proprietari de cazări. Planuri transparente: Basic 99 lei/lună, Premium 149 lei/lună, Business 249 lei/lună, cu 0% comision pe rezervări. Înscriere: https://www.trevoro.ro/proprietari"
"13885","Ronişoara","pensiune","Romania","Rona De Jos","Maramureş","","maria.marin2019@yahoo.com","https://www.facebook.com/PensiuneaMarinRonisoara/","nou","Bună ziua! Vă contactez din partea Trevoro, platformă românească pentru proprietari de cazări. Planuri transparente: Basic 99 lei/lună, Premium 149 lei/lună, Business 249 lei/lună, cu 0% comision pe rezervări. Înscriere: https://www.trevoro.ro/proprietari"
"13896","La Tăticu","pensiune","Romania","Săcălăşeni","Maramureş","","pensiunea@lataticu.ro","https://www.facebook.com/RestaurantPensiuneLaTaticu/","nou","Bună ziua! Vă contactez din partea Trevoro, platformă românească pentru proprietari de cazări. Planuri transparente: Basic 99 lei/lună, Premium 149 lei/lună, Business 249 lei/lună, cu 0% comision pe rezervări. Înscriere: https://www.trevoro.ro/proprietari"
"13900","Casa Burnar","pensiune","Romania","Săcel","Maramureş","","casaburnar@gmail.com","https://www.facebook.com/profile.php?id=100057561334763","nou","Bună ziua! Vă contactez din partea Trevoro, platformă românească pentru proprietari de cazări. Planuri transparente: Basic 99 lei/lună, Premium 149 lei/lună, Business 249 lei/lună, cu 0% comision pe rezervări. Înscriere: https://www.trevoro.ro/proprietari"
"13925","Cris-Mona","pensiune","Romania","Săpânţa","Maramureş","","contactpensiuneacris@yahoo.com","https://m.facebook.com/Pensiunea-Cris-Mona-1242690402488733/","nou","Bună ziua! Vă contactez din partea Trevoro, platformă românească pentru proprietari de cazări. Planuri transparente: Basic 99 lei/lună, Premium 149 lei/lună, Business 249 lei/lună, cu 0% comision pe rezervări. Înscriere: https://www.trevoro.ro/proprietari"
"13944","Casa Denisa","pensiune","Romania","Şieu","Maramureş","","pensiuneacasadenisa@gmail.com","https://www.facebook.com/PensiuneaCasaDenisa","nou","Bună ziua! Vă contactez din partea Trevoro, platformă românească pentru proprietari de cazări. Planuri transparente: Basic 99 lei/lună, Premium 149 lei/lună, Business 249 lei/lună, cu 0% comision pe rezervări. Înscriere: https://www.trevoro.ro/proprietari"
"13955","Pensiunea Pe Deal","pensiune","Romania","Şişeşti","Maramureş","","pensiuneapedeal@gmail.com","https://www.facebook.com/Pensiunea-pe-Deal-104050857734237/","nou","Bună ziua! Vă contactez din partea Trevoro, platformă românească pentru proprietari de cazări. Planuri transparente: Basic 99 lei/lună, Premium 149 lei/lună, Business 249 lei/lună, cu 0% comision pe rezervări. Înscriere: https://www.trevoro.ro/proprietari"
"13957","Amethyst","pensiune","Romania","Şişeşti","Maramureş","","costin_gavrila@yahoo.com","https://www.facebook.com/Amethyst.Surdesti","nou","Bună ziua! Vă contactez din partea Trevoro, platformă românească pentru proprietari de cazări. Planuri transparente: Basic 99 lei/lună, Premium 149 lei/lună, Business 249 lei/lună, cu 0% comision pe rezervări. Înscriere: https://www.trevoro.ro/proprietari"
"13959","Iz De Maramureş","pensiune","Romania","Şişeşti","Maramureş","","ancamaak11@gmail.com","https://www.facebook.com/izdemaramu/","nou","Bună ziua! Vă contactez din partea Trevoro, platformă românească pentru proprietari de cazări. Planuri transparente: Basic 99 lei/lună, Premium 149 lei/lună, Business 249 lei/lună, cu 0% comision pe rezervări. Înscriere: https://www.trevoro.ro/proprietari"
"13962","Glodeanca","pensiune","Romania","Strâmtura","Maramureş","","pensiuneaglodeanca@yahoo.com","https://www.facebook.com/pensiuneaglodeanca","nou","Bună ziua! Vă contactez din partea Trevoro, platformă românească pentru proprietari de cazări. Planuri transparente: Basic 99 lei/lună, Premium 149 lei/lună, Business 249 lei/lună, cu 0% comision pe rezervări. Înscriere: https://www.trevoro.ro/proprietari"
"13965","Casa Ardelean","pensiune","Romania","Strâmtura","Maramureş","","ardeleanpetru81@yahoo.com","https://www.facebook.com/profile.php?id=100076005760884&sk=about","nou","Bună ziua! Vă contactez din partea Trevoro, platformă românească pentru proprietari de cazări. Planuri transparente: Basic 99 lei/lună, Premium 149 lei/lună, Business 249 lei/lună, cu 0% comision pe rezervări. Înscriere: https://www.trevoro.ro/proprietari"
"13985","Covaciu Ioan","pensiune","Romania","Vadu Izei","Maramureş","","","https://www.facebook.com/Pensiunea-Covaciu-Guesthouse-Covaciu-503645626398259/","nou","Bună ziua! Vă contactez din partea Trevoro, platformă românească pentru proprietari de cazări. Planuri transparente: Basic 99 lei/lună, Premium 149 lei/lună, Business 249 lei/lună, cu 0% comision pe rezervări. Înscriere: https://www.trevoro.ro/proprietari"
"13988","Ileana Teodora Teleptean","pensiune","Romania","Vadu Izei","Maramureş","","pensiuneateleptean@yahoo.com","https://www.facebook.com/Pensiunea-Ileana-Teodora-Teleptean-1389987367977533/","nou","Bună ziua! Vă contactez din partea Trevoro, platformă românească pentru proprietari de cazări. Planuri transparente: Basic 99 lei/lună, Premium 149 lei/lună, Business 249 lei/lună, cu 0% comision pe rezervări. Înscriere: https://www.trevoro.ro/proprietari"
"13990","Ioana Laviţă","pensiune","Romania","Vadu Izei","Maramureş","","pensiunealavita@yahoo.com","https://www.facebook.com/PensiuneaLavita","nou","Bună ziua! Vă contactez din partea Trevoro, platformă românească pentru proprietari de cazări. Planuri transparente: Basic 99 lei/lună, Premium 149 lei/lună, Business 249 lei/lună, cu 0% comision pe rezervări. Înscriere: https://www.trevoro.ro/proprietari"
"13999","Ioana","pensiune","Romania","Vadu Izei","Maramureş","","m_bocsa@yahoo.com","https://www.facebook.com/pensiuneaioana26/","nou","Bună ziua! Vă contactez din partea Trevoro, platformă românească pentru proprietari de cazări. Planuri transparente: Basic 99 lei/lună, Premium 149 lei/lună, Business 249 lei/lună, cu 0% comision pe rezervări. Înscriere: https://www.trevoro.ro/proprietari"
"14000","La Vio","pensiune","Romania","Valea Chioarului","Maramureş","","","https://www.facebook.com/people/Pensiunea-LA-VIO-Mesteac%C4%83n/100057049046541/","nou","Bună ziua! Vă contactez din partea Trevoro, platformă românească pentru proprietari de cazări. Planuri transparente: Basic 99 lei/lună, Premium 149 lei/lună, Business 249 lei/lună, cu 0% comision pe rezervări. Înscriere: https://www.trevoro.ro/proprietari"
"14009","Iza","pensiune","Romania","Vişeu De Jos","Maramureş","","contact@pensiuneatraditionalaiza.ro","https://www.facebook.com/pensiuneaiza.ro/","nou","Bună ziua! Vă contactez din partea Trevoro, platformă românească pentru proprietari de cazări. Planuri transparente: Basic 99 lei/lună, Premium 149 lei/lună, Business 249 lei/lună, cu 0% comision pe rezervări. Înscriere: https://www.trevoro.ro/proprietari"
"14015","Simina","pensiune","Romania","Vişeu De Jos","Maramureş","","simipascu@yahoo.ro","https://www.facebook.com/Pensiunea-Simina-264596010349328/","nou","Bună ziua! Vă contactez din partea Trevoro, platformă românească pentru proprietari de cazări. Planuri transparente: Basic 99 lei/lună, Premium 149 lei/lună, Business 249 lei/lună, cu 0% comision pe rezervări. Înscriere: https://www.trevoro.ro/proprietari"
"14030","Casă Dulce Casă","pensiune","Romania","Baia Mare","Maramureş","","","https://www.facebook.com/casa.dulcecasa.77","nou","Bună ziua! Vă contactez din partea Trevoro, platformă românească pentru proprietari de cazări. Planuri transparente: Basic 99 lei/lună, Premium 149 lei/lună, Business 249 lei/lună, cu 0% comision pe rezervări. Înscriere: https://www.trevoro.ro/proprietari"
"14056","Iona","pensiune","Romania","Baia Mare","Maramureş","","","https://ro-ro.facebook.com/restaurantiona/","nou","Bună ziua! Vă contactez din partea Trevoro, platformă românească pentru proprietari de cazări. Planuri transparente: Basic 99 lei/lună, Premium 149 lei/lună, Business 249 lei/lună, cu 0% comision pe rezervări. Înscriere: https://www.trevoro.ro/proprietari"
"14112","Casa Popan","pensiune","Romania","Sighetu Marmaţiei","Maramureş","","","https://www.facebook.com/casapopan.pensiunea","nou","Bună ziua! Vă contactez din partea Trevoro, platformă românească pentru proprietari de cazări. Planuri transparente: Basic 99 lei/lună, Premium 149 lei/lună, Business 249 lei/lună, cu 0% comision pe rezervări. Înscriere: https://www.trevoro.ro/proprietari"
"14175","Anca","pensiune","Romania","Oraş Borşa","Maramureş","","ciprian_roman80@yahoo.com","https://www.facebook.com/people/Pensiunea-ANCA/100042380485929/","nou","Bună ziua! Vă contactez din partea Trevoro, platformă românească pentru proprietari de cazări. Planuri transparente: Basic 99 lei/lună, Premium 149 lei/lună, Business 249 lei/lună, cu 0% comision pe rezervări. Înscriere: https://www.trevoro.ro/proprietari"
"14176","Ancuta","pensiune","Romania","Oraş Borşa","Maramureş","","pensiunea.ancuta@yahoo.com","https://www.facebook.com/pages/Pensiunea%20Ancuta/150520765072215/","nou","Bună ziua! Vă contactez din partea Trevoro, platformă românească pentru proprietari de cazări. Planuri transparente: Basic 99 lei/lună, Premium 149 lei/lună, Business 249 lei/lună, cu 0% comision pe rezervări. Înscriere: https://www.trevoro.ro/proprietari"
"14182","Calin","pensiune","Romania","Oraş Borşa","Maramureş","","miclaus.calin@yahho.com","https://www.facebook.com/pensiuneacalin.eborsa.ro/","nou","Bună ziua! Vă contactez din partea Trevoro, platformă românească pentru proprietari de cazări. Planuri transparente: Basic 99 lei/lună, Premium 149 lei/lună, Business 249 lei/lună, cu 0% comision pe rezervări. Înscriere: https://www.trevoro.ro/proprietari"
"14184","Carmen","pensiune","Romania","Oraş Borşa","Maramureş","","pensiunea_carmen_borsa@yahoo.com","https://www.facebook.com/PensiuneaCarmenBorsa","nou","Bună ziua! Vă contactez din partea Trevoro, platformă românească pentru proprietari de cazări. Planuri transparente: Basic 99 lei/lună, Premium 149 lei/lună, Business 249 lei/lună, cu 0% comision pe rezervări. Înscriere: https://www.trevoro.ro/proprietari"
"14255","Mia","pensiune","Romania","Oraş Borşa","Maramureş","","pensiuneamiamaramures@yahoo.com","https://ro-ro.facebook.com/pensiuneamiamaramures/","nou","Bună ziua! Vă contactez din partea Trevoro, platformă românească pentru proprietari de cazări. Planuri transparente: Basic 99 lei/lună, Premium 149 lei/lună, Business 249 lei/lună, cu 0% comision pe rezervări. Înscriere: https://www.trevoro.ro/proprietari"
"14260","Paula","pensiune","Romania","Oraş Borşa","Maramureş","","","https://ro-ro.facebook.com/poianaborsa/","nou","Bună ziua! Vă contactez din partea Trevoro, platformă românească pentru proprietari de cazări. Planuri transparente: Basic 99 lei/lună, Premium 149 lei/lună, Business 249 lei/lună, cu 0% comision pe rezervări. Înscriere: https://www.trevoro.ro/proprietari"
"14261","Perla Maramureşului","pensiune","Romania","Oraş Borşa","Maramureş","","hotelperlamaramuresului@gmail.com","https://ro-ro.facebook.com/perlamaramuresului.pensiune/","nou","Bună ziua! Vă contactez din partea Trevoro, platformă românească pentru proprietari de cazări. Planuri transparente: Basic 99 lei/lună, Premium 149 lei/lună, Business 249 lei/lună, cu 0% comision pe rezervări. Înscriere: https://www.trevoro.ro/proprietari"
"14262","Poiana","pensiune","Romania","Oraş Borşa","Maramureş","","pensiunea_borsapoiana@yahoo.com","https://www.facebook.com/PensiuneaPoiana/","nou","Bună ziua! Vă contactez din partea Trevoro, platformă românească pentru proprietari de cazări. Planuri transparente: Basic 99 lei/lună, Premium 149 lei/lună, Business 249 lei/lună, cu 0% comision pe rezervări. Înscriere: https://www.trevoro.ro/proprietari"
"14271","Royal","pensiune","Romania","Oraş Borşa","Maramureş","","","https://www.facebook.com/pensiunearoyalborsamaramures/","nou","Bună ziua! Vă contactez din partea Trevoro, platformă românească pentru proprietari de cazări. Planuri transparente: Basic 99 lei/lună, Premium 149 lei/lună, Business 249 lei/lună, cu 0% comision pe rezervări. Înscriere: https://www.trevoro.ro/proprietari"
"14279","Vălcineţ","pensiune","Romania","Oraş Borşa","Maramureş","","timis.loredana@yahoo.com","https://ro-ro.facebook.com/PensiuneaValcinet/","nou","Bună ziua! Vă contactez din partea Trevoro, platformă românească pentru proprietari de cazări. Planuri transparente: Basic 99 lei/lună, Premium 149 lei/lună, Business 249 lei/lună, cu 0% comision pe rezervări. Înscriere: https://www.trevoro.ro/proprietari"
"14282","Adina","pensiune","Romania","Oraş Cavnic","Maramureş","","adina@pensiuni.info.ro","https://www.facebook.com/PensiuneaAdina","nou","Bună ziua! Vă contactez din partea Trevoro, platformă românească pentru proprietari de cazări. Planuri transparente: Basic 99 lei/lună, Premium 149 lei/lună, Business 249 lei/lună, cu 0% comision pe rezervări. Înscriere: https://www.trevoro.ro/proprietari"
"14301","Complex Summer-Time","pensiune","Romania","Oraş Cavnic","Maramureş","","","https://m.facebook.com/Complex-Summer-Time-232334966864080/","nou","Bună ziua! Vă contactez din partea Trevoro, platformă românească pentru proprietari de cazări. Planuri transparente: Basic 99 lei/lună, Premium 149 lei/lună, Business 249 lei/lună, cu 0% comision pe rezervări. Înscriere: https://www.trevoro.ro/proprietari"
"14334","Aurica","pensiune","Romania","Oraş Târgu Lăpuş","Maramureş","","pensiunea.aurica@yahoo.com","https://www.facebook.com/pensiunea.aurica","nou","Bună ziua! Vă contactez din partea Trevoro, platformă românească pentru proprietari de cazări. Planuri transparente: Basic 99 lei/lună, Premium 149 lei/lună, Business 249 lei/lună, cu 0% comision pe rezervări. Înscriere: https://www.trevoro.ro/proprietari"
"14352","Agnes","pensiune","Romania","Oraş Vişeu De Sus","Maramureş","","pensiuneaagnes@yahoo.com","https://www.facebook.com/pages/Pensiunea%20Agnes/338150476212299/","nou","Bună ziua! Vă contactez din partea Trevoro, platformă românească pentru proprietari de cazări. Planuri transparente: Basic 99 lei/lună, Premium 149 lei/lună, Business 249 lei/lună, cu 0% comision pe rezervări. Înscriere: https://www.trevoro.ro/proprietari"
"14353","Bârsan","pensiune","Romania","Oraş Vişeu De Sus","Maramureş","","pensiunea_barsan@yahoo.com","https://www.facebook.com/Pensiunea-B%C3%A2rsan-593634567328474","nou","Bună ziua! Vă contactez din partea Trevoro, platformă românească pentru proprietari de cazări. Planuri transparente: Basic 99 lei/lună, Premium 149 lei/lună, Business 249 lei/lună, cu 0% comision pe rezervări. Înscriere: https://www.trevoro.ro/proprietari"
"14418","Piatra Şoimului","pensiune","Romania","Oraş Vişeu De Sus","Maramureş","","","https://www.facebook.com/Pensiunea-Piatra-Soimului-Viseu-de-Sus-112878926753079/","nou","Bună ziua! Vă contactez din partea Trevoro, platformă românească pentru proprietari de cazări. Planuri transparente: Basic 99 lei/lună, Premium 149 lei/lună, Business 249 lei/lună, cu 0% comision pe rezervări. Înscriere: https://www.trevoro.ro/proprietari"
"16133","Codrii De Aramă","pensiune","Romania","Agapia","Neamţ","","","https://ro-ro.facebook.com/pensiuneacodriidearama","nou","Bună ziua! Vă contactez din partea Trevoro, platformă românească pentru proprietari de cazări. Planuri transparente: Basic 99 lei/lună, Premium 149 lei/lună, Business 249 lei/lună, cu 0% comision pe rezervări. Înscriere: https://www.trevoro.ro/proprietari"
"16145","Calul Troian","pensiune","Romania","Alexandru Cel Bun","Neamţ","","pensiunea_troian@yahoo.com","https://ro-ro.facebook.com/PensiuneaTroian/","nou","Bună ziua! Vă contactez din partea Trevoro, platformă românească pentru proprietari de cazări. Planuri transparente: Basic 99 lei/lună, Premium 149 lei/lună, Business 249 lei/lună, cu 0% comision pe rezervări. Înscriere: https://www.trevoro.ro/proprietari"
"16165","Ursuleţ","pensiune","Romania","Alexandru Cel Bun","Neamţ","","pensiuneaursulet_nt@yahoo.com","https://www.facebook.com/doclarares12paula/","nou","Bună ziua! Vă contactez din partea Trevoro, platformă românească pentru proprietari de cazări. Planuri transparente: Basic 99 lei/lună, Premium 149 lei/lună, Business 249 lei/lună, cu 0% comision pe rezervări. Înscriere: https://www.trevoro.ro/proprietari"
"16171","Refugiu","pensiune","Romania","Alexandru Cel Bun","Neamţ","","","https://www.facebook.com/RefugiuVaduri/","nou","Bună ziua! Vă contactez din partea Trevoro, platformă românească pentru proprietari de cazări. Planuri transparente: Basic 99 lei/lună, Premium 149 lei/lună, Business 249 lei/lună, cu 0% comision pe rezervări. Înscriere: https://www.trevoro.ro/proprietari"
"16177","Tania-Nora","pensiune","Romania","Alexandru Cel Bun","Neamţ","","","https://ro-ro.facebook.com/pages/category/Hotel---Lodging/Pensiunea-Tania-Nora-1698650903781895/","nou","Bună ziua! Vă contactez din partea Trevoro, platformă românească pentru proprietari de cazări. Planuri transparente: Basic 99 lei/lună, Premium 149 lei/lună, Business 249 lei/lună, cu 0% comision pe rezervări. Înscriere: https://www.trevoro.ro/proprietari"
"16204","Rozmarin","pensiune","Romania","Borca","Neamţ","","","https://ro-ro.facebook.com/pensiunea.rozmarin","nou","Bună ziua! Vă contactez din partea Trevoro, platformă românească pentru proprietari de cazări. Planuri transparente: Basic 99 lei/lună, Premium 149 lei/lună, Business 249 lei/lună, cu 0% comision pe rezervări. Înscriere: https://www.trevoro.ro/proprietari"
"16213","Admiraz","pensiune","Romania","Ceahlău","Neamţ","","razvan_borta@yahoo.ro","https://www.facebook.com/PensiuneaAdmirazDurau/","nou","Bună ziua! Vă contactez din partea Trevoro, platformă românească pentru proprietari de cazări. Planuri transparente: Basic 99 lei/lună, Premium 149 lei/lună, Business 249 lei/lună, cu 0% comision pe rezervări. Înscriere: https://www.trevoro.ro/proprietari"
"16214","Agnes","pensiune","Romania","Ceahlău","Neamţ","","pancu.sorin@yahoo.com","https://ro-ro.facebook.com/agnesdurau/","nou","Bună ziua! Vă contactez din partea Trevoro, platformă românească pentru proprietari de cazări. Planuri transparente: Basic 99 lei/lună, Premium 149 lei/lună, Business 249 lei/lună, cu 0% comision pe rezervări. Înscriere: https://www.trevoro.ro/proprietari"
"16216","Alexa","pensiune","Romania","Ceahlău","Neamţ","","","https://www.facebook.com/pensiuneaAlexaDurau/","nou","Bună ziua! Vă contactez din partea Trevoro, platformă românească pentru proprietari de cazări. Planuri transparente: Basic 99 lei/lună, Premium 149 lei/lună, Business 249 lei/lună, cu 0% comision pe rezervări. Înscriere: https://www.trevoro.ro/proprietari"
"16217","Alpin","pensiune","Romania","Ceahlău","Neamţ","","","https://ro-ro.facebook.com/pages/category/Hotel/Pensiunea-Alpin-Dur%C4%83u-1465828020332941/","nou","Bună ziua! Vă contactez din partea Trevoro, platformă românească pentru proprietari de cazări. Planuri transparente: Basic 99 lei/lună, Premium 149 lei/lună, Business 249 lei/lună, cu 0% comision pe rezervări. Înscriere: https://www.trevoro.ro/proprietari"
"16219","Ana","pensiune","Romania","Ceahlău","Neamţ","","","https://ro-ro.facebook.com/pensiuneaanaceahlau/","nou","Bună ziua! Vă contactez din partea Trevoro, platformă românească pentru proprietari de cazări. Planuri transparente: Basic 99 lei/lună, Premium 149 lei/lună, Business 249 lei/lună, cu 0% comision pe rezervări. Înscriere: https://www.trevoro.ro/proprietari"
"16220","Antia","pensiune","Romania","Ceahlău","Neamţ","","","https://www.facebook.com/pages/category/Travel-Service/Pensiunea-Antia-695775333797854/","nou","Bună ziua! Vă contactez din partea Trevoro, platformă românească pentru proprietari de cazări. Planuri transparente: Basic 99 lei/lună, Premium 149 lei/lună, Business 249 lei/lună, cu 0% comision pe rezervări. Înscriere: https://www.trevoro.ro/proprietari"
"16242","Casa Şerban","pensiune","Romania","Ceahlău","Neamţ","","","https://ro-ro.facebook.com/pages/category/Hotel/Pensiunea-Serban-Gica-1433371123594058/","nou","Bună ziua! Vă contactez din partea Trevoro, platformă românească pentru proprietari de cazări. Planuri transparente: Basic 99 lei/lună, Premium 149 lei/lună, Business 249 lei/lună, cu 0% comision pe rezervări. Înscriere: https://www.trevoro.ro/proprietari"
"16257","Georgiana","pensiune","Romania","Ceahlău","Neamţ","","","https://fr-ca.facebook.com/durau.16/","nou","Bună ziua! Vă contactez din partea Trevoro, platformă românească pentru proprietari de cazări. Planuri transparente: Basic 99 lei/lună, Premium 149 lei/lună, Business 249 lei/lună, cu 0% comision pe rezervări. Înscriere: https://www.trevoro.ro/proprietari"
"16264","Lavinia","pensiune","Romania","Ceahlău","Neamţ","","laviniaboacas@yahoo.com","https://ro-ro.facebook.com/Pensiunea-Lavinia-259914297553005","nou","Bună ziua! Vă contactez din partea Trevoro, platformă românească pentru proprietari de cazări. Planuri transparente: Basic 99 lei/lună, Premium 149 lei/lună, Business 249 lei/lună, cu 0% comision pe rezervări. Înscriere: https://www.trevoro.ro/proprietari"
"16267","Mădălina","pensiune","Romania","Ceahlău","Neamţ","","iuliudamian@yahoo.com","https://www.facebook.com/pages/category/Bed-and-Breakfast/Pensiunea-M%C4%83d%C4%83lina-Dur%C4%83u-106934241536724/","nou","Bună ziua! Vă contactez din partea Trevoro, platformă românească pentru proprietari de cazări. Planuri transparente: Basic 99 lei/lună, Premium 149 lei/lună, Business 249 lei/lună, cu 0% comision pe rezervări. Înscriere: https://www.trevoro.ro/proprietari"
"16269","Martin","pensiune","Romania","Ceahlău","Neamţ","","","https://ro-ro.facebook.com/pages/category/Hotel/Pensiunea-La-Martin-Durau-410748108955375/","nou","Bună ziua! Vă contactez din partea Trevoro, platformă românească pentru proprietari de cazări. Planuri transparente: Basic 99 lei/lună, Premium 149 lei/lună, Business 249 lei/lună, cu 0% comision pe rezervări. Înscriere: https://www.trevoro.ro/proprietari"
"16279","Poieni","pensiune","Romania","Ceahlău","Neamţ","","taralungaioan@yahoo.com","https://www.facebook.com/pensiuneapoieni/","nou","Bună ziua! Vă contactez din partea Trevoro, platformă românească pentru proprietari de cazări. Planuri transparente: Basic 99 lei/lună, Premium 149 lei/lună, Business 249 lei/lună, cu 0% comision pe rezervări. Înscriere: https://www.trevoro.ro/proprietari"
"16281","Rapsodia","pensiune","Romania","Ceahlău","Neamţ","","","https://www.facebook.com/people/Pensiunea-Rapsodia/100049127599052/","nou","Bună ziua! Vă contactez din partea Trevoro, platformă românească pentru proprietari de cazări. Planuri transparente: Basic 99 lei/lună, Premium 149 lei/lună, Business 249 lei/lună, cu 0% comision pe rezervări. Înscriere: https://www.trevoro.ro/proprietari"
"16284","Total","pensiune","Romania","Ceahlău","Neamţ","","pensiuneatotalceahlau@gmail.com","https://ro-ro.facebook.com/PensiuneaTotal/","nou","Bună ziua! Vă contactez din partea Trevoro, platformă românească pentru proprietari de cazări. Planuri transparente: Basic 99 lei/lună, Premium 149 lei/lună, Business 249 lei/lună, cu 0% comision pe rezervări. Înscriere: https://www.trevoro.ro/proprietari"
"16289","Bucur","pensiune","Romania","Dămuc","Neamţ","","elena_bucur72@yahoo.com","https://www.facebook.com/pensiuneabucur/","nou","Bună ziua! Vă contactez din partea Trevoro, platformă românească pentru proprietari de cazări. Planuri transparente: Basic 99 lei/lună, Premium 149 lei/lună, Business 249 lei/lună, cu 0% comision pe rezervări. Înscriere: https://www.trevoro.ro/proprietari"
"16294","Dor De Casă","pensiune","Romania","Doljeşti","Neamţ","","alinalungu528@gmail.com","https://ro-ro.facebook.com/pages/category/Hotel-Resort/Pensiunea-Dor-de-casa-1690486247924119/","nou","Bună ziua! Vă contactez din partea Trevoro, platformă românească pentru proprietari de cazări. Planuri transparente: Basic 99 lei/lună, Premium 149 lei/lună, Business 249 lei/lună, cu 0% comision pe rezervări. Înscriere: https://www.trevoro.ro/proprietari"
"16296","Andra","pensiune","Romania","Dumbrava Roşie","Neamţ","","","https://ro-ro.facebook.com/pages/category/Hotel/Pensiunea-Andra-469549586422987/","nou","Bună ziua! Vă contactez din partea Trevoro, platformă românească pentru proprietari de cazări. Planuri transparente: Basic 99 lei/lună, Premium 149 lei/lună, Business 249 lei/lună, cu 0% comision pe rezervări. Înscriere: https://www.trevoro.ro/proprietari"
"16301","Classic","pensiune","Romania","Dumbrava Roşie","Neamţ","","","https://ro-ro.facebook.com/classicclubbowling/","nou","Bună ziua! Vă contactez din partea Trevoro, platformă românească pentru proprietari de cazări. Planuri transparente: Basic 99 lei/lună, Premium 149 lei/lună, Business 249 lei/lună, cu 0% comision pe rezervări. Înscriere: https://www.trevoro.ro/proprietari"
"16303","Rustic","pensiune","Romania","Dumbrava Roşie","Neamţ","","","https://ro-ro.facebook.com/pages/category/Restaurant/POPAS-Rustic-1690979154502633/","nou","Bună ziua! Vă contactez din partea Trevoro, platformă românească pentru proprietari de cazări. Planuri transparente: Basic 99 lei/lună, Premium 149 lei/lună, Business 249 lei/lună, cu 0% comision pe rezervări. Înscriere: https://www.trevoro.ro/proprietari"
"16315","Bursucărie","pensiune","Romania","Gârcina","Neamţ","","danachirila10@gmail.com","https://ro-ro.facebook.com/pensiunea.bursucarie/","nou","Bună ziua! Vă contactez din partea Trevoro, platformă românească pentru proprietari de cazări. Planuri transparente: Basic 99 lei/lună, Premium 149 lei/lună, Business 249 lei/lună, cu 0% comision pe rezervări. Înscriere: https://www.trevoro.ro/proprietari"
"16323","Gura Arşiţei","pensiune","Romania","Grinţieş","Neamţ","","","https://www.facebook.com/PensiuneaGuraArsitei/","nou","Bună ziua! Vă contactez din partea Trevoro, platformă românească pentru proprietari de cazări. Planuri transparente: Basic 99 lei/lună, Premium 149 lei/lună, Business 249 lei/lună, cu 0% comision pe rezervări. Înscriere: https://www.trevoro.ro/proprietari"
"16328","Lostriţa","pensiune","Romania","Hangu","Neamţ","","rezervari@pensiunealostrita.ro","https://ro-ro.facebook.com/PensiuneaLostrita1/","nou","Bună ziua! Vă contactez din partea Trevoro, platformă românească pentru proprietari de cazări. Planuri transparente: Basic 99 lei/lună, Premium 149 lei/lună, Business 249 lei/lună, cu 0% comision pe rezervări. Înscriere: https://www.trevoro.ro/proprietari"
"16344","La Bunica","pensiune","Romania","Hangu","Neamţ","","","https://ro-ro.facebook.com/alabunica/","nou","Bună ziua! Vă contactez din partea Trevoro, platformă românească pentru proprietari de cazări. Planuri transparente: Basic 99 lei/lună, Premium 149 lei/lună, Business 249 lei/lună, cu 0% comision pe rezervări. Înscriere: https://www.trevoro.ro/proprietari"
"16353","Balad' Or","pensiune","Romania","Pângăraţi","Neamţ","","office@balador.ro","https://ro-ro.facebook.com/RestaurantBalador/","nou","Bună ziua! Vă contactez din partea Trevoro, platformă românească pentru proprietari de cazări. Planuri transparente: Basic 99 lei/lună, Premium 149 lei/lună, Business 249 lei/lună, cu 0% comision pe rezervări. Înscriere: https://www.trevoro.ro/proprietari"
"16364","Secu","pensiune","Romania","Pipirig","Neamţ","","","https://ro-ro.facebook.com/pages/category/Motel/Pensiunea-Secu-436285889915202/","nou","Bună ziua! Vă contactez din partea Trevoro, platformă românească pentru proprietari de cazări. Planuri transparente: Basic 99 lei/lună, Premium 149 lei/lună, Business 249 lei/lună, cu 0% comision pe rezervări. Înscriere: https://www.trevoro.ro/proprietari"
"16367","Geona","pensiune","Romania","Poiana Teiului","Neamţ","","","https://ro-ro.facebook.com/PensiuneaGeona/","nou","Bună ziua! Vă contactez din partea Trevoro, platformă românească pentru proprietari de cazări. Planuri transparente: Basic 99 lei/lună, Premium 149 lei/lună, Business 249 lei/lună, cu 0% comision pe rezervări. Înscriere: https://www.trevoro.ro/proprietari"
"16369","Georgiana","pensiune","Romania","Poiana Teiului","Neamţ","","","https://ro-ro.facebook.com/raucesti.88/","nou","Bună ziua! Vă contactez din partea Trevoro, platformă românească pentru proprietari de cazări. Planuri transparente: Basic 99 lei/lună, Premium 149 lei/lună, Business 249 lei/lună, cu 0% comision pe rezervări. Înscriere: https://www.trevoro.ro/proprietari"
"16371","Dochia","pensiune","Romania","Poiana Teiului","Neamţ","","","https://ro-ro.facebook.com/pages/category/Bed-and-Breakfast/Pensiunea-Dochia-369472209895336/","nou","Bună ziua! Vă contactez din partea Trevoro, platformă românească pentru proprietari de cazări. Planuri transparente: Basic 99 lei/lună, Premium 149 lei/lună, Business 249 lei/lună, cu 0% comision pe rezervări. Înscriere: https://www.trevoro.ro/proprietari"
"16381","Georgiana","pensiune","Romania","Răuceşti","Neamţ","","","https://ro-ro.facebook.com/raucesti.88/","nou","Bună ziua! Vă contactez din partea Trevoro, platformă românească pentru proprietari de cazări. Planuri transparente: Basic 99 lei/lună, Premium 149 lei/lună, Business 249 lei/lună, cu 0% comision pe rezervări. Înscriere: https://www.trevoro.ro/proprietari"
"16382","La Izvoare","pensiune","Romania","Răuceşti","Neamţ","","mariana_scurtu@yahoo.com","https://www.facebook.com/laizvoare/","nou","Bună ziua! Vă contactez din partea Trevoro, platformă românească pentru proprietari de cazări. Planuri transparente: Basic 99 lei/lună, Premium 149 lei/lună, Business 249 lei/lună, cu 0% comision pe rezervări. Înscriere: https://www.trevoro.ro/proprietari"
"16383","Miruna","pensiune","Romania","Răuceşti","Neamţ","","","https://m.facebook.com/people/Pensiunea-Miruna/100008224650161/","nou","Bună ziua! Vă contactez din partea Trevoro, platformă românească pentru proprietari de cazări. Planuri transparente: Basic 99 lei/lună, Premium 149 lei/lună, Business 249 lei/lună, cu 0% comision pe rezervări. Înscriere: https://www.trevoro.ro/proprietari"
"16384","Casa Drumetului","pensiune","Romania","Săvineşti","Neamţ","","","https://ro-ro.facebook.com/pages/category/Bed-and-Breakfast/Pensiunea-Casa-Drumetului-1571939936402280/","nou","Bună ziua! Vă contactez din partea Trevoro, platformă românească pentru proprietari de cazări. Planuri transparente: Basic 99 lei/lună, Premium 149 lei/lună, Business 249 lei/lună, cu 0% comision pe rezervări. Înscriere: https://www.trevoro.ro/proprietari"
"16389","Poiana Soarelui","pensiune","Romania","Tarcău","Neamţ","","alexa_cucu_2008@yahoo.com","https://ro-ro.facebook.com/poianasoareluitarcau/","nou","Bună ziua! Vă contactez din partea Trevoro, platformă românească pentru proprietari de cazări. Planuri transparente: Basic 99 lei/lună, Premium 149 lei/lună, Business 249 lei/lună, cu 0% comision pe rezervări. Înscriere: https://www.trevoro.ro/proprietari"
"16394","Castel Vitoria Lipan","pensiune","Romania","Tarcău","Neamţ","","","https://ro-ro.facebook.com/pages/category/Restaurant/Restaurant-Vitoria-Lipan-249249468879554/","nou","Bună ziua! Vă contactez din partea Trevoro, platformă românească pentru proprietari de cazări. Planuri transparente: Basic 99 lei/lună, Premium 149 lei/lună, Business 249 lei/lună, cu 0% comision pe rezervări. Înscriere: https://www.trevoro.ro/proprietari"
"16395","Fata Padurii - Amfiteatru","pensiune","Romania","Tarcău","Neamţ","","","https://ro-ro.facebook.com/pages/category/Restaurant/Restaurant-Vitoria-Lipan-249249468879554/","nou","Bună ziua! Vă contactez din partea Trevoro, platformă românească pentru proprietari de cazări. Planuri transparente: Basic 99 lei/lună, Premium 149 lei/lună, Business 249 lei/lună, cu 0% comision pe rezervări. Înscriere: https://www.trevoro.ro/proprietari"
"16397","Alexandra","pensiune","Romania","Taşca","Neamţ","","","https://ro-ro.facebook.com/RestaurantA/","nou","Bună ziua! Vă contactez din partea Trevoro, platformă românească pentru proprietari de cazări. Planuri transparente: Basic 99 lei/lună, Premium 149 lei/lună, Business 249 lei/lună, cu 0% comision pe rezervări. Înscriere: https://www.trevoro.ro/proprietari"
"16407","Han Maria","pensiune","Romania","Vânători-Neamţ","Neamţ","","","https://www.facebook.com/pages/category/Diner/Han-Maria-456607914498410/","nou","Bună ziua! Vă contactez din partea Trevoro, platformă românească pentru proprietari de cazări. Planuri transparente: Basic 99 lei/lună, Premium 149 lei/lună, Business 249 lei/lună, cu 0% comision pe rezervări. Înscriere: https://www.trevoro.ro/proprietari"
"16411","Costina","pensiune","Romania","Vânători-Neamţ","Neamţ","","","https://ro-ro.facebook.com/pages/category/Hotel---Lodging/Pensiunea-Costina-263416987714214/","nou","Bună ziua! Vă contactez din partea Trevoro, platformă românească pentru proprietari de cazări. Planuri transparente: Basic 99 lei/lună, Premium 149 lei/lună, Business 249 lei/lună, cu 0% comision pe rezervări. Înscriere: https://www.trevoro.ro/proprietari"
"16414","Zimbru","pensiune","Romania","Vânători-Neamţ","Neamţ","","","https://ro-ro.facebook.com/Complexturisticzibru/","nou","Bună ziua! Vă contactez din partea Trevoro, platformă românească pentru proprietari de cazări. Planuri transparente: Basic 99 lei/lună, Premium 149 lei/lună, Business 249 lei/lună, cu 0% comision pe rezervări. Înscriere: https://www.trevoro.ro/proprietari"
"16423","Bachus","pensiune","Romania","Piatra Neamţ","Neamţ","","","https://m.facebook.com/Pensiunea-Bachus-508910325867854/","nou","Bună ziua! Vă contactez din partea Trevoro, platformă românească pentru proprietari de cazări. Planuri transparente: Basic 99 lei/lună, Premium 149 lei/lună, Business 249 lei/lună, cu 0% comision pe rezervări. Înscriere: https://www.trevoro.ro/proprietari"
"16443","Elis","pensiune","Romania","Piatra Neamţ","Neamţ","","","https://www.facebook.com/elispensiune/","nou","Bună ziua! Vă contactez din partea Trevoro, platformă românească pentru proprietari de cazări. Planuri transparente: Basic 99 lei/lună, Premium 149 lei/lună, Business 249 lei/lună, cu 0% comision pe rezervări. Înscriere: https://www.trevoro.ro/proprietari"
"16460","Pârâul Doamnei","pensiune","Romania","Piatra Neamţ","Neamţ","","","https://ro-ro.facebook.com/pages/category/Hotel-Resort/Pensiunea-Paraul-Doamnei-152564108256433/","nou","Bună ziua! Vă contactez din partea Trevoro, platformă românească pentru proprietari de cazări. Planuri transparente: Basic 99 lei/lună, Premium 149 lei/lună, Business 249 lei/lună, cu 0% comision pe rezervări. Înscriere: https://www.trevoro.ro/proprietari"
"16502","Casa Jeni","pensiune","Romania","Oraş Bicaz","Neamţ","","crusitujeni@yahoo.ro","https://ro-ro.facebook.com/cazare.izvorul.muntelui/","nou","Bună ziua! Vă contactez din partea Trevoro, platformă românească pentru proprietari de cazări. Planuri transparente: Basic 99 lei/lună, Premium 149 lei/lună, Business 249 lei/lună, cu 0% comision pe rezervări. Înscriere: https://www.trevoro.ro/proprietari"
"16513","Lutu Rosu","pensiune","Romania","Oraş Bicaz","Neamţ","","","https://ro-ro.facebook.com/CabanaLutuRosu","nou","Bună ziua! Vă contactez din partea Trevoro, platformă românească pentru proprietari de cazări. Planuri transparente: Basic 99 lei/lună, Premium 149 lei/lună, Business 249 lei/lună, cu 0% comision pe rezervări. Înscriere: https://www.trevoro.ro/proprietari"
"16515","Panaghia","pensiune","Romania","Oraş Bicaz","Neamţ","","","https://ro-ro.facebook.com/pensiuneapanaghia/","nou","Bună ziua! Vă contactez din partea Trevoro, platformă românească pentru proprietari de cazări. Planuri transparente: Basic 99 lei/lună, Premium 149 lei/lună, Business 249 lei/lună, cu 0% comision pe rezervări. Înscriere: https://www.trevoro.ro/proprietari"
"16524","Babylon","pensiune","Romania","Oraş Târgu Neamţ","Neamţ","","","https://ro-ro.facebook.com/restaurantbabylon.targuneamt/","nou","Bună ziua! Vă contactez din partea Trevoro, platformă românească pentru proprietari de cazări. Planuri transparente: Basic 99 lei/lună, Premium 149 lei/lună, Business 249 lei/lună, cu 0% comision pe rezervări. Înscriere: https://www.trevoro.ro/proprietari"
"16525","Bella","pensiune","Romania","Oraş Târgu Neamţ","Neamţ","","nlungu52@yahoo.com","https://www.facebook.com/pensiuneabella.eu/","nou","Bună ziua! Vă contactez din partea Trevoro, platformă românească pentru proprietari de cazări. Planuri transparente: Basic 99 lei/lună, Premium 149 lei/lună, Business 249 lei/lună, cu 0% comision pe rezervări. Înscriere: https://www.trevoro.ro/proprietari"
"16620","Casa Simoni","pensiune","Romania","Blejoi","Prahova","","simonaanghel35@yahoo.com","https://ro-ro.facebook.com/pages/category/Community/Pensiunea-Casa-Simoni-1651276735137429/","nou","Bună ziua! Vă contactez din partea Trevoro, platformă românească pentru proprietari de cazări. Planuri transparente: Basic 99 lei/lună, Premium 149 lei/lună, Business 249 lei/lună, cu 0% comision pe rezervări. Înscriere: https://www.trevoro.ro/proprietari"
"18625","La Poarta Bucovinei","pensiune","Romania","Boroaia","Suceava","","","https://www.facebook.com/pensiunea.poarta.bucovinei/","nou","Bună ziua! Vă contactez din partea Trevoro, platformă românească pentru proprietari de cazări. Planuri transparente: Basic 99 lei/lună, Premium 149 lei/lună, Business 249 lei/lună, cu 0% comision pe rezervări. Înscriere: https://www.trevoro.ro/proprietari"
"18635","Trei Brăduţi","pensiune","Romania","Brodina","Suceava","","","https://www.facebook.com/Pensiunea-trei-Br%C4%83du%C8%9Bi-640119152857798/","nou","Bună ziua! Vă contactez din partea Trevoro, platformă românească pentru proprietari de cazări. Planuri transparente: Basic 99 lei/lună, Premium 149 lei/lună, Business 249 lei/lună, cu 0% comision pe rezervări. Înscriere: https://www.trevoro.ro/proprietari"
"18645","Cristiana","pensiune","Romania","Cacica","Suceava","","lilianastraton@yahoo.com","https://www.facebook.com/PensiuneaCristianaCacica/","nou","Bună ziua! Vă contactez din partea Trevoro, platformă românească pentru proprietari de cazări. Planuri transparente: Basic 99 lei/lună, Premium 149 lei/lună, Business 249 lei/lună, cu 0% comision pe rezervări. Înscriere: https://www.trevoro.ro/proprietari"
"18647","Mădălina","pensiune","Romania","Cacica","Suceava","","pensiune.madalina@yahoo.com","https://www.facebook.com/Pensiunea-Madalina-639726249498487/","nou","Bună ziua! Vă contactez din partea Trevoro, platformă românească pentru proprietari de cazări. Planuri transparente: Basic 99 lei/lună, Premium 149 lei/lună, Business 249 lei/lună, cu 0% comision pe rezervări. Înscriere: https://www.trevoro.ro/proprietari"
"18652","Vatra Boierească","pensiune","Romania","Cacica","Suceava","","contact@vatraboiereasca.ro","https://www.facebook.com/vatraboiereasca/","nou","Bună ziua! Vă contactez din partea Trevoro, platformă românească pentru proprietari de cazări. Planuri transparente: Basic 99 lei/lună, Premium 149 lei/lună, Business 249 lei/lună, cu 0% comision pe rezervări. Înscriere: https://www.trevoro.ro/proprietari"
"18654","Obcina Mare","pensiune","Romania","Cacica","Suceava","","","https://www.facebook.com/Obcina-Mare-888819991213160/","nou","Bună ziua! Vă contactez din partea Trevoro, platformă românească pentru proprietari de cazări. Planuri transparente: Basic 99 lei/lună, Premium 149 lei/lună, Business 249 lei/lună, cu 0% comision pe rezervări. Înscriere: https://www.trevoro.ro/proprietari"
"18714","Arinaş","pensiune","Romania","Dorna-Arini","Suceava","","chirilusliviu@yahoo.com","https://www.facebook.com/Arina%C8%99-pensiune-4-margarete-102550984858685/","nou","Bună ziua! Vă contactez din partea Trevoro, platformă românească pentru proprietari de cazări. Planuri transparente: Basic 99 lei/lună, Premium 149 lei/lună, Business 249 lei/lună, cu 0% comision pe rezervări. Înscriere: https://www.trevoro.ro/proprietari"
"18720","Valurile Bistriţei","pensiune","Romania","Dorna-Arini","Suceava","","cazare.arini@gmail.com","https://www.facebook.com/pensiuneavalurilebistritei/","nou","Bună ziua! Vă contactez din partea Trevoro, platformă românească pentru proprietari de cazări. Planuri transparente: Basic 99 lei/lună, Premium 149 lei/lună, Business 249 lei/lună, cu 0% comision pe rezervări. Înscriere: https://www.trevoro.ro/proprietari"
"18730","Cemira Lux","pensiune","Romania","Dorna-Arini","Suceava","","cemiralux@yahoo.com","https://www.facebook.com/CemiraLux/","nou","Bună ziua! Vă contactez din partea Trevoro, platformă românească pentru proprietari de cazări. Planuri transparente: Basic 99 lei/lună, Premium 149 lei/lună, Business 249 lei/lună, cu 0% comision pe rezervări. Înscriere: https://www.trevoro.ro/proprietari"
"18745","Casa Lateş","pensiune","Romania","Dorna-Arini","Suceava","","cazare@casalates.ro","https://www.facebook.com/casalates.ro/","nou","Bună ziua! Vă contactez din partea Trevoro, platformă românească pentru proprietari de cazări. Planuri transparente: Basic 99 lei/lună, Premium 149 lei/lună, Business 249 lei/lună, cu 0% comision pe rezervări. Înscriere: https://www.trevoro.ro/proprietari"
"18747","Magdalina","pensiune","Romania","Dorna-Arini","Suceava","","","https://www.facebook.com/Pensiunea-Agroturistic%C4%83-Magdalina-104224758764645","nou","Bună ziua! Vă contactez din partea Trevoro, platformă românească pentru proprietari de cazări. Planuri transparente: Basic 99 lei/lună, Premium 149 lei/lună, Business 249 lei/lună, cu 0% comision pe rezervări. Înscriere: https://www.trevoro.ro/proprietari"
"18762","Hanul Drăguşeni","pensiune","Romania","Drăguşeni","Suceava","","unionimpex@yahoo.com","https://www.facebook.com/HanulDraguseni/","nou","Bună ziua! Vă contactez din partea Trevoro, platformă românească pentru proprietari de cazări. Planuri transparente: Basic 99 lei/lună, Premium 149 lei/lună, Business 249 lei/lună, cu 0% comision pe rezervări. Înscriere: https://www.trevoro.ro/proprietari"
"18764","Laura","pensiune","Romania","Dumbrăveni","Suceava","","iavnilaura@yahoo.com","https://www.facebook.com/Pensiunea-Laura-142038134685652/","nou","Bună ziua! Vă contactez din partea Trevoro, platformă românească pentru proprietari de cazări. Planuri transparente: Basic 99 lei/lună, Premium 149 lei/lună, Business 249 lei/lună, cu 0% comision pe rezervări. Înscriere: https://www.trevoro.ro/proprietari"
"18770","Elena","pensiune","Romania","Frătăuţii Vechi","Suceava","","sambyan.office@gmail.com","https://www.facebook.com/Pensiunea-Elena-522670568165324/","nou","Bună ziua! Vă contactez din partea Trevoro, platformă românească pentru proprietari de cazări. Planuri transparente: Basic 99 lei/lună, Premium 149 lei/lună, Business 249 lei/lună, cu 0% comision pe rezervări. Înscriere: https://www.trevoro.ro/proprietari"
"18778","Casa Fuior","pensiune","Romania","Fundu Moldovei","Suceava","","laura.fuior@yahoo.com","https://www.facebook.com/casafuior/","nou","Bună ziua! Vă contactez din partea Trevoro, platformă românească pentru proprietari de cazări. Planuri transparente: Basic 99 lei/lună, Premium 149 lei/lună, Business 249 lei/lună, cu 0% comision pe rezervări. Înscriere: https://www.trevoro.ro/proprietari"
"18802","Verde De Bucovina","pensiune","Romania","Fundu Moldovei","Suceava","","lucaue@yahoo.com","https://www.facebook.com/Verde-De-Bucovina-271445703645386/","nou","Bună ziua! Vă contactez din partea Trevoro, platformă românească pentru proprietari de cazări. Planuri transparente: Basic 99 lei/lună, Premium 149 lei/lună, Business 249 lei/lună, cu 0% comision pe rezervări. Înscriere: https://www.trevoro.ro/proprietari"
"18811","Livada Bucovinei","pensiune","Romania","Horodnic De Sus","Suceava","","preparatory.work@yahoo.ro","https://www.facebook.com/Pensiunea-Livada-Bucovinei-100861172367703/","nou","Bună ziua! Vă contactez din partea Trevoro, platformă românească pentru proprietari de cazări. Planuri transparente: Basic 99 lei/lună, Premium 149 lei/lună, Business 249 lei/lună, cu 0% comision pe rezervări. Înscriere: https://www.trevoro.ro/proprietari"
"18813","Valea Pinilor","pensiune","Romania","Horodnic De Sus","Suceava","","valeapinilor@yahoo.com","https://www.facebook.com/pensiunea.valeapinilor/","nou","Bună ziua! Vă contactez din partea Trevoro, platformă românească pentru proprietari de cazări. Planuri transparente: Basic 99 lei/lună, Premium 149 lei/lună, Business 249 lei/lună, cu 0% comision pe rezervări. Înscriere: https://www.trevoro.ro/proprietari"
"18826","Ioana","pensiune","Romania","Ipoteşti","Suceava","","","https://www.facebook.com/profile.php?id=100057266816438","nou","Bună ziua! Vă contactez din partea Trevoro, platformă românească pentru proprietari de cazări. Planuri transparente: Basic 99 lei/lună, Premium 149 lei/lună, Business 249 lei/lună, cu 0% comision pe rezervări. Înscriere: https://www.trevoro.ro/proprietari"
"18838","Poiana","pensiune","Romania","Mălini","Suceava","","","https://www.facebook.com/P%C4%83str%C4%83v%C4%83ria-Poiana-177894315708293/?ref=page_internal","nou","Bună ziua! Vă contactez din partea Trevoro, platformă românească pentru proprietari de cazări. Planuri transparente: Basic 99 lei/lună, Premium 149 lei/lună, Business 249 lei/lună, cu 0% comision pe rezervări. Înscriere: https://www.trevoro.ro/proprietari"
"18842","Drumul Baltagului","pensiune","Romania","Mălini","Suceava","","stan33cristina@yahoo.com,","https://www.facebook.com/stan33cristina/","nou","Bună ziua! Vă contactez din partea Trevoro, platformă românească pentru proprietari de cazări. Planuri transparente: Basic 99 lei/lună, Premium 149 lei/lună, Business 249 lei/lună, cu 0% comision pe rezervări. Înscriere: https://www.trevoro.ro/proprietari"
"18844","Măgura","pensiune","Romania","Mălini","Suceava","","contactconstruct@yahoo.com","https://www.facebook.com/pensiuneastanisoara/?fref=ts","nou","Bună ziua! Vă contactez din partea Trevoro, platformă românească pentru proprietari de cazări. Planuri transparente: Basic 99 lei/lună, Premium 149 lei/lună, Business 249 lei/lună, cu 0% comision pe rezervări. Înscriere: https://www.trevoro.ro/proprietari"
"18874","Elim","pensiune","Romania","Mănăstirea Humorului","Suceava","","","https://www.facebook.com/Elim.pensiune","nou","Bună ziua! Vă contactez din partea Trevoro, platformă românească pentru proprietari de cazări. Planuri transparente: Basic 99 lei/lună, Premium 149 lei/lună, Business 249 lei/lună, cu 0% comision pe rezervări. Înscriere: https://www.trevoro.ro/proprietari"
"18887","Paradis","pensiune","Romania","Mănăstirea Humorului","Suceava","","","https://www.facebook.com/Pensiunea-CASA-Paradis-313309648820766/","nou","Bună ziua! Vă contactez din partea Trevoro, platformă românească pentru proprietari de cazări. Planuri transparente: Basic 99 lei/lună, Premium 149 lei/lună, Business 249 lei/lună, cu 0% comision pe rezervări. Înscriere: https://www.trevoro.ro/proprietari"
"18892","Steluta De Munte","pensiune","Romania","Mănăstirea Humorului","Suceava","","","https://www.facebook.com/pensiuneastelutademunte/","nou","Bună ziua! Vă contactez din partea Trevoro, platformă românească pentru proprietari de cazări. Planuri transparente: Basic 99 lei/lună, Premium 149 lei/lună, Business 249 lei/lună, cu 0% comision pe rezervări. Înscriere: https://www.trevoro.ro/proprietari"
"18895","Vis De Munte","pensiune","Romania","Mănăstirea Humorului","Suceava","","ciubotariurodica60@yahoo.com","https://www.facebook.com/visdemunte/","nou","Bună ziua! Vă contactez din partea Trevoro, platformă românească pentru proprietari de cazări. Planuri transparente: Basic 99 lei/lună, Premium 149 lei/lună, Business 249 lei/lună, cu 0% comision pe rezervări. Înscriere: https://www.trevoro.ro/proprietari"
"18907","Poiana Dragomirnei","pensiune","Romania","Mitocu Dragomirnei","Suceava","","anca_dim@yahoo.com","https://m.facebook.com/pensiuneadragomirnei/","nou","Bună ziua! Vă contactez din partea Trevoro, platformă românească pentru proprietari de cazări. Planuri transparente: Basic 99 lei/lună, Premium 149 lei/lună, Business 249 lei/lună, cu 0% comision pe rezervări. Înscriere: https://www.trevoro.ro/proprietari"
"18925","Ştefan Viorica","pensiune","Romania","Moldoviţa","Suceava","","pensiunea.stefanviorica@gmail.com","https://www.facebook.com/Pensiunea-Stefan-Viorica-Moldovita-1226221207447481/","nou","Bună ziua! Vă contactez din partea Trevoro, platformă românească pentru proprietari de cazări. Planuri transparente: Basic 99 lei/lună, Premium 149 lei/lună, Business 249 lei/lună, cu 0% comision pe rezervări. Înscriere: https://www.trevoro.ro/proprietari"
"18938","Elena","pensiune","Romania","Panaci","Suceava","","crucianuelena74@yahoo.com","https://www.facebook.com/Pensiunea-agroturistica-Elena-1409082686054452/","nou","Bună ziua! Vă contactez din partea Trevoro, platformă românească pentru proprietari de cazări. Planuri transparente: Basic 99 lei/lună, Premium 149 lei/lună, Business 249 lei/lună, cu 0% comision pe rezervări. Înscriere: https://www.trevoro.ro/proprietari"
"18950","Vârful Cu Dor","pensiune","Romania","Pârteştii De Jos","Suceava","","","https://www.facebook.com/people/Pensiunea-V%C3%A2rfu-cu-Dor/100057270047619/","nou","Bună ziua! Vă contactez din partea Trevoro, platformă românească pentru proprietari de cazări. Planuri transparente: Basic 99 lei/lună, Premium 149 lei/lună, Business 249 lei/lună, cu 0% comision pe rezervări. Înscriere: https://www.trevoro.ro/proprietari"
"18979","Casa Vancea","pensiune","Romania","Pojorâta","Suceava","","","https://www.facebook.com/vnic4","nou","Bună ziua! Vă contactez din partea Trevoro, platformă românească pentru proprietari de cazări. Planuri transparente: Basic 99 lei/lună, Premium 149 lei/lună, Business 249 lei/lună, cu 0% comision pe rezervări. Înscriere: https://www.trevoro.ro/proprietari"
"18984","Gură De Rai","pensiune","Romania","Pojorâta","Suceava","","","https://www.facebook.com/Pensiunea-Gur%C4%83-de-Rai-Pojor%C3%A2ta-Bucovina-101103671697037/","nou","Bună ziua! Vă contactez din partea Trevoro, platformă românească pentru proprietari de cazări. Planuri transparente: Basic 99 lei/lună, Premium 149 lei/lună, Business 249 lei/lună, cu 0% comision pe rezervări. Înscriere: https://www.trevoro.ro/proprietari"
"19000","Valea Putnei","pensiune","Romania","Pojorâta","Suceava","","","https://www.facebook.com/Cabana-Valea-Putnei-346127812179486/","nou","Bună ziua! Vă contactez din partea Trevoro, platformă românească pentru proprietari de cazări. Planuri transparente: Basic 99 lei/lună, Premium 149 lei/lună, Business 249 lei/lună, cu 0% comision pe rezervări. Înscriere: https://www.trevoro.ro/proprietari"
"19004","Andrade","pensiune","Romania","Putna","Suceava","","pensiuneandrade@yahoo.ro","https://www.facebook.com/Pensiunea-Andrade-1668850040053436/","nou","Bună ziua! Vă contactez din partea Trevoro, platformă românească pentru proprietari de cazări. Planuri transparente: Basic 99 lei/lună, Premium 149 lei/lună, Business 249 lei/lună, cu 0% comision pe rezervări. Înscriere: https://www.trevoro.ro/proprietari"
"19014","Casa Sebastian","pensiune","Romania","Putna","Suceava","","casasebastian.msp@gmail.com","https://www.facebook.com/casasebastian.ro/","nou","Bună ziua! Vă contactez din partea Trevoro, platformă românească pentru proprietari de cazări. Planuri transparente: Basic 99 lei/lună, Premium 149 lei/lună, Business 249 lei/lună, cu 0% comision pe rezervări. Înscriere: https://www.trevoro.ro/proprietari"
"19016","Daria","pensiune","Romania","Putna","Suceava","","duret_tudorita_1959@yahoo.com","https://www.facebook.com/pensiuneadaria.putna/about","nou","Bună ziua! Vă contactez din partea Trevoro, platformă românească pentru proprietari de cazări. Planuri transparente: Basic 99 lei/lună, Premium 149 lei/lună, Business 249 lei/lună, cu 0% comision pe rezervări. Înscriere: https://www.trevoro.ro/proprietari"
"19046","Casa Ştefanel","pensiune","Romania","Sadova","Suceava","","remus_stef@yahoo.com","https://www.facebook.com/CasaStefanel/","nou","Bună ziua! Vă contactez din partea Trevoro, platformă românească pentru proprietari de cazări. Planuri transparente: Basic 99 lei/lună, Premium 149 lei/lună, Business 249 lei/lună, cu 0% comision pe rezervări. Înscriere: https://www.trevoro.ro/proprietari"
"19049","Dor De Codru","pensiune","Romania","Sadova","Suceava","","webmaster@dordecodru.ro","https://www.facebook.com/Dor-de-Codru-661135567292719/","nou","Bună ziua! Vă contactez din partea Trevoro, platformă românească pentru proprietari de cazări. Planuri transparente: Basic 99 lei/lună, Premium 149 lei/lună, Business 249 lei/lună, cu 0% comision pe rezervări. Înscriere: https://www.trevoro.ro/proprietari"
"19064","Bonita Chalet","pensiune","Romania","Şaru Dornei","Suceava","","bonitachalet@gmail.com","https://www.facebook.com/bonitachalet/","nou","Bună ziua! Vă contactez din partea Trevoro, platformă românească pentru proprietari de cazări. Planuri transparente: Basic 99 lei/lună, Premium 149 lei/lună, Business 249 lei/lună, cu 0% comision pe rezervări. Înscriere: https://www.trevoro.ro/proprietari"
"19075","Ziana","pensiune","Romania","Şaru Dornei","Suceava","","","https://www.facebook.com/pensiuneaziana/","nou","Bună ziua! Vă contactez din partea Trevoro, platformă românească pentru proprietari de cazări. Planuri transparente: Basic 99 lei/lună, Premium 149 lei/lună, Business 249 lei/lună, cu 0% comision pe rezervări. Înscriere: https://www.trevoro.ro/proprietari"
"19081","Cocoşul De Munte","pensiune","Romania","Şaru Dornei","Suceava","","adina.moraru@yahoo.com","https://www.facebook.com/pensiuneaCocosuldeMunte/","nou","Bună ziua! Vă contactez din partea Trevoro, platformă românească pentru proprietari de cazări. Planuri transparente: Basic 99 lei/lună, Premium 149 lei/lună, Business 249 lei/lună, cu 0% comision pe rezervări. Înscriere: https://www.trevoro.ro/proprietari"
"19082","Perla Sarisorului","pensiune","Romania","Şaru Dornei","Suceava","","barocbd@yahoo.com","https://www.facebook.com/perlasarisorului/","nou","Bună ziua! Vă contactez din partea Trevoro, platformă românească pentru proprietari de cazări. Planuri transparente: Basic 99 lei/lună, Premium 149 lei/lună, Business 249 lei/lună, cu 0% comision pe rezervări. Înscriere: https://www.trevoro.ro/proprietari"
"19083","Casa Brazilor","pensiune","Romania","Şaru Dornei","Suceava","","llostun@yahoo.com","https://www.facebook.com/pensiuneagroturisticacasabrazilor/","nou","Bună ziua! Vă contactez din partea Trevoro, platformă românească pentru proprietari de cazări. Planuri transparente: Basic 99 lei/lună, Premium 149 lei/lună, Business 249 lei/lună, cu 0% comision pe rezervări. Înscriere: https://www.trevoro.ro/proprietari"
"19094","Dorina","pensiune","Romania","Şaru Dornei","Suceava","","scruncan@yahoo.com","https://www.facebook.com/Pensiunea-Agroturistica-Dorina-302709936726701/","nou","Bună ziua! Vă contactez din partea Trevoro, platformă românească pentru proprietari de cazări. Planuri transparente: Basic 99 lei/lună, Premium 149 lei/lună, Business 249 lei/lună, cu 0% comision pe rezervări. Înscriere: https://www.trevoro.ro/proprietari"
"19124","Somara","pensiune","Romania","Slatina","Suceava","","pirlac.iulia@yahoo.com","https://www.facebook.com/pensiuneasomara/","nou","Bună ziua! Vă contactez din partea Trevoro, platformă românească pentru proprietari de cazări. Planuri transparente: Basic 99 lei/lună, Premium 149 lei/lună, Business 249 lei/lună, cu 0% comision pe rezervări. Înscriere: https://www.trevoro.ro/proprietari"
"19141","Casa Avram","pensiune","Romania","Suceviţa","Suceava","","","https://www.facebook.com/PensiuneaCasaAvram/","nou","Bună ziua! Vă contactez din partea Trevoro, platformă românească pentru proprietari de cazări. Planuri transparente: Basic 99 lei/lună, Premium 149 lei/lună, Business 249 lei/lună, cu 0% comision pe rezervări. Înscriere: https://www.trevoro.ro/proprietari"
"19142","Casa Domnitei","pensiune","Romania","Suceviţa","Suceava","","pensiuneacasadomnitei@gmail.com","https://www.facebook.com/pensiuneacasadomnitei/","nou","Bună ziua! Vă contactez din partea Trevoro, platformă românească pentru proprietari de cazări. Planuri transparente: Basic 99 lei/lună, Premium 149 lei/lună, Business 249 lei/lună, cu 0% comision pe rezervări. Înscriere: https://www.trevoro.ro/proprietari"
"19144","Casă Dulce Casă","pensiune","Romania","Suceviţa","Suceava","","anamariajr2000@yahoo.com","https://www.facebook.com/Pensiunea-CASA-DULCE-CASA-156878198300545/","nou","Bună ziua! Vă contactez din partea Trevoro, platformă românească pentru proprietari de cazări. Planuri transparente: Basic 99 lei/lună, Premium 149 lei/lună, Business 249 lei/lună, cu 0% comision pe rezervări. Înscriere: https://www.trevoro.ro/proprietari"
"19165","La Cazaci","pensiune","Romania","Suceviţa","Suceava","","","https://www.facebook.com/Pensiunea-La-Cazaci-110877874068841/","nou","Bună ziua! Vă contactez din partea Trevoro, platformă românească pentru proprietari de cazări. Planuri transparente: Basic 99 lei/lună, Premium 149 lei/lună, Business 249 lei/lună, cu 0% comision pe rezervări. Înscriere: https://www.trevoro.ro/proprietari"
"19178","Casa Cu Cerbi 1","pensiune","Romania","Suceviţa","Suceava","","","https://www.facebook.com/casacucerbi/","nou","Bună ziua! Vă contactez din partea Trevoro, platformă românească pentru proprietari de cazări. Planuri transparente: Basic 99 lei/lună, Premium 149 lei/lună, Business 249 lei/lună, cu 0% comision pe rezervări. Înscriere: https://www.trevoro.ro/proprietari"
"19179","Casa Cu Cerbi 2","pensiune","Romania","Suceviţa","Suceava","","","https://www.facebook.com/casacucerbi/","nou","Bună ziua! Vă contactez din partea Trevoro, platformă românească pentru proprietari de cazări. Planuri transparente: Basic 99 lei/lună, Premium 149 lei/lună, Business 249 lei/lună, cu 0% comision pe rezervări. Înscriere: https://www.trevoro.ro/proprietari"
"19183","Popas Vadu - Rute 85","pensiune","Romania","Vadu Moldovei","Suceava","","","https://www.facebook.com/Pensiunea-POPAS-Vadul-Moldovei-294748930717855/","nou","Bună ziua! Vă contactez din partea Trevoro, platformă românească pentru proprietari de cazări. Planuri transparente: Basic 99 lei/lună, Premium 149 lei/lună, Business 249 lei/lună, cu 0% comision pe rezervări. Înscriere: https://www.trevoro.ro/proprietari"
"19196","Gabriela","pensiune","Romania","Vama","Suceava","","","https://www.facebook.com/Pensiunea-Gabriela-637793619972476/","nou","Bună ziua! Vă contactez din partea Trevoro, platformă românească pentru proprietari de cazări. Planuri transparente: Basic 99 lei/lună, Premium 149 lei/lună, Business 249 lei/lună, cu 0% comision pe rezervări. Înscriere: https://www.trevoro.ro/proprietari"
"19203","Casa Aurora","pensiune","Romania","Vama","Suceava","","pensiunea_aurora@yahoo.com","https://www.facebook.com/pensiunea.casa.aurora","nou","Bună ziua! Vă contactez din partea Trevoro, platformă românească pentru proprietari de cazări. Planuri transparente: Basic 99 lei/lună, Premium 149 lei/lună, Business 249 lei/lună, cu 0% comision pe rezervări. Înscriere: https://www.trevoro.ro/proprietari"
"19220","Irina","pensiune","Romania","Vama","Suceava","","bogdanstrug@yahoo.com","https://www.facebook.com/Pensiunea-Irina-VAMA-362518797619434/","nou","Bună ziua! Vă contactez din partea Trevoro, platformă românească pentru proprietari de cazări. Planuri transparente: Basic 99 lei/lună, Premium 149 lei/lună, Business 249 lei/lună, cu 0% comision pe rezervări. Înscriere: https://www.trevoro.ro/proprietari"
"19225","Prisaca Dornei","pensiune","Romania","Vama","Suceava","","pensiuneaprisacadornei@yahoo.com","https://www.facebook.com/Pensiunea-Prisaca-Dornei-111417127297659/","nou","Bună ziua! Vă contactez din partea Trevoro, platformă românească pentru proprietari de cazări. Planuri transparente: Basic 99 lei/lună, Premium 149 lei/lună, Business 249 lei/lună, cu 0% comision pe rezervări. Înscriere: https://www.trevoro.ro/proprietari"
"19230","Casa Coliniţa","pensiune","Romania","Vatra Moldoviţei","Suceava","","rural_bucovina@yahoo.com","https://www.facebook.com/Pensiunea-Agroturistic%C4%83-Casa-Colini%C8%9Ba-148061558678184/","nou","Bună ziua! Vă contactez din partea Trevoro, platformă românească pentru proprietari de cazări. Planuri transparente: Basic 99 lei/lună, Premium 149 lei/lună, Business 249 lei/lună, cu 0% comision pe rezervări. Înscriere: https://www.trevoro.ro/proprietari"
"19234","Vatra Bucovinei","pensiune","Romania","Vatra Moldoviţei","Suceava","","dana.muja@yahoo.com","https://www.facebook.com/PensiuneaVatraBucovinei/","nou","Bună ziua! Vă contactez din partea Trevoro, platformă românească pentru proprietari de cazări. Planuri transparente: Basic 99 lei/lună, Premium 149 lei/lună, Business 249 lei/lună, cu 0% comision pe rezervări. Înscriere: https://www.trevoro.ro/proprietari"
"19236","Casa Florin","pensiune","Romania","Vatra Moldoviţei","Suceava","","","https://www.facebook.com/casaflorin","nou","Bună ziua! Vă contactez din partea Trevoro, platformă românească pentru proprietari de cazări. Planuri transparente: Basic 99 lei/lună, Premium 149 lei/lună, Business 249 lei/lună, cu 0% comision pe rezervări. Înscriere: https://www.trevoro.ro/proprietari"
"19244","Maria","pensiune","Romania","Vatra Moldoviţei","Suceava","","gabiniga@yahoo.com","https://www.facebook.com/PensiuneaMARIA.Bucovina/","nou","Bună ziua! Vă contactez din partea Trevoro, platformă românească pentru proprietari de cazări. Planuri transparente: Basic 99 lei/lună, Premium 149 lei/lună, Business 249 lei/lună, cu 0% comision pe rezervări. Înscriere: https://www.trevoro.ro/proprietari"
"19247","Valcan","pensiune","Romania","Vatra Moldoviţei","Suceava","","","https://www.facebook.com/valcanpensiune/","nou","Bună ziua! Vă contactez din partea Trevoro, platformă românească pentru proprietari de cazări. Planuri transparente: Basic 99 lei/lună, Premium 149 lei/lună, Business 249 lei/lună, cu 0% comision pe rezervări. Înscriere: https://www.trevoro.ro/proprietari"
"19330","Semeniuc","pensiune","Romania","Câmpulung Moldovenesc","Suceava","","contact@pensiune-semeniuc.ro","https://www.facebook.com/pensiunesemeniuc/","nou","Bună ziua! Vă contactez din partea Trevoro, platformă românească pentru proprietari de cazări. Planuri transparente: Basic 99 lei/lună, Premium 149 lei/lună, Business 249 lei/lună, cu 0% comision pe rezervări. Înscriere: https://www.trevoro.ro/proprietari"
"19389","Provence","pensiune","Romania","Suceava","Suceava","","","https://www.facebook.com/L0VEandNATURE/","nou","Bună ziua! Vă contactez din partea Trevoro, platformă românească pentru proprietari de cazări. Planuri transparente: Basic 99 lei/lună, Premium 149 lei/lună, Business 249 lei/lună, cu 0% comision pe rezervări. Înscriere: https://www.trevoro.ro/proprietari"
"19472","Elenuca","pensiune","Romania","Vatra-Dornei","Suceava","","","https://www.facebook.com/pensiunea.elenuca.vd/","nou","Bună ziua! Vă contactez din partea Trevoro, platformă românească pentru proprietari de cazări. Planuri transparente: Basic 99 lei/lună, Premium 149 lei/lună, Business 249 lei/lună, cu 0% comision pe rezervări. Înscriere: https://www.trevoro.ro/proprietari"
"19473","Ellemar","pensiune","Romania","Vatra-Dornei","Suceava","","","https://www.facebook.com/people/Pensiunea-Ellemar/100063572229586/","nou","Bună ziua! Vă contactez din partea Trevoro, platformă românească pentru proprietari de cazări. Planuri transparente: Basic 99 lei/lună, Premium 149 lei/lună, Business 249 lei/lună, cu 0% comision pe rezervări. Înscriere: https://www.trevoro.ro/proprietari"
"19514","Tiatim","pensiune","Romania","Vatra-Dornei","Suceava","","","https://www.facebook.com/tiatimvd/","nou","Bună ziua! Vă contactez din partea Trevoro, platformă românească pentru proprietari de cazări. Planuri transparente: Basic 99 lei/lună, Premium 149 lei/lună, Business 249 lei/lună, cu 0% comision pe rezervări. Înscriere: https://www.trevoro.ro/proprietari"
"19522","Waldhaus","pensiune","Romania","Vatra-Dornei","Suceava","","pardau27@gmail.com","https://www.facebook.com/pensiuneawaldhaus/","nou","Bună ziua! Vă contactez din partea Trevoro, platformă românească pentru proprietari de cazări. Planuri transparente: Basic 99 lei/lună, Premium 149 lei/lună, Business 249 lei/lună, cu 0% comision pe rezervări. Înscriere: https://www.trevoro.ro/proprietari"
"19525","Brădet","pensiune","Romania","Broşteni","Suceava","","bradet2006@yahoo.com","https://www.facebook.com/LUMISIM64/","nou","Bună ziua! Vă contactez din partea Trevoro, platformă românească pentru proprietari de cazări. Planuri transparente: Basic 99 lei/lună, Premium 149 lei/lună, Business 249 lei/lună, cu 0% comision pe rezervări. Înscriere: https://www.trevoro.ro/proprietari"
"19532","Serbeca","pensiune","Romania","Broşteni","Suceava","","camelia_ilisescu@yahoo.com","https://www.facebook.com/PensiuneaSerbeca/","nou","Bună ziua! Vă contactez din partea Trevoro, platformă românească pentru proprietari de cazări. Planuri transparente: Basic 99 lei/lună, Premium 149 lei/lună, Business 249 lei/lună, cu 0% comision pe rezervări. Înscriere: https://www.trevoro.ro/proprietari"
"19541","Casa Ta","pensiune","Romania","Frasin","Suceava","","danavolanschi@yahoo.com","https://www.facebook.com/Pensiunea-Casa-Ta-Frasin-1434381203465275/","nou","Bună ziua! Vă contactez din partea Trevoro, platformă românească pentru proprietari de cazări. Planuri transparente: Basic 99 lei/lună, Premium 149 lei/lună, Business 249 lei/lună, cu 0% comision pe rezervări. Înscriere: https://www.trevoro.ro/proprietari"
"19569","Caprioara","pensiune","Romania","Oraş Gura Humorului","Suceava","","voronetturism@gmail.com","https://www.facebook.com/caprioaravoronet/","nou","Bună ziua! Vă contactez din partea Trevoro, platformă românească pentru proprietari de cazări. Planuri transparente: Basic 99 lei/lună, Premium 149 lei/lună, Business 249 lei/lună, cu 0% comision pe rezervări. Înscriere: https://www.trevoro.ro/proprietari"
"19576","Casa Boca","pensiune","Romania","Oraş Gura Humorului","Suceava","","boca_elena2000@yahoo.com","https://www.facebook.com/Pensiunea-Boca-579913998845574/?ref=page_internal","nou","Bună ziua! Vă contactez din partea Trevoro, platformă românească pentru proprietari de cazări. Planuri transparente: Basic 99 lei/lună, Premium 149 lei/lună, Business 249 lei/lună, cu 0% comision pe rezervări. Înscriere: https://www.trevoro.ro/proprietari"
"19597","Casa Sofia","pensiune","Romania","Oraş Gura Humorului","Suceava","","pensiuneasofiagh@gmail.com","https://www.facebook.com/pensiuneasofiagh/","nou","Bună ziua! Vă contactez din partea Trevoro, platformă românească pentru proprietari de cazări. Planuri transparente: Basic 99 lei/lună, Premium 149 lei/lună, Business 249 lei/lună, cu 0% comision pe rezervări. Înscriere: https://www.trevoro.ro/proprietari"
"19615","Ella","pensiune","Romania","Oraş Gura Humorului","Suceava","","","https://www.facebook.com/CASA-ELA-520127591448763/","nou","Bună ziua! Vă contactez din partea Trevoro, platformă românească pentru proprietari de cazări. Planuri transparente: Basic 99 lei/lună, Premium 149 lei/lună, Business 249 lei/lună, cu 0% comision pe rezervări. Înscriere: https://www.trevoro.ro/proprietari"
"19618","Emma","pensiune","Romania","Oraş Gura Humorului","Suceava","","vasileloghin@yahoo.com","https://www.facebook.com/PensiuneaEmma.ro/","nou","Bună ziua! Vă contactez din partea Trevoro, platformă românească pentru proprietari de cazări. Planuri transparente: Basic 99 lei/lună, Premium 149 lei/lună, Business 249 lei/lună, cu 0% comision pe rezervări. Înscriere: https://www.trevoro.ro/proprietari"
"19658","Belmont","pensiune","Romania","Gura Humorului","Suceava","","","https://www.facebook.com/belmontvoronet/","nou","Bună ziua! Vă contactez din partea Trevoro, platformă românească pentru proprietari de cazări. Planuri transparente: Basic 99 lei/lună, Premium 149 lei/lună, Business 249 lei/lună, cu 0% comision pe rezervări. Înscriere: https://www.trevoro.ro/proprietari"
"19678","Han La Nicuşor","pensiune","Romania","Oraş Siret","Suceava","","","https://www.facebook.com/Han-la-Nicusor-1131313436946396/","nou","Bună ziua! Vă contactez din partea Trevoro, platformă românească pentru proprietari de cazări. Planuri transparente: Basic 99 lei/lună, Premium 149 lei/lună, Business 249 lei/lună, cu 0% comision pe rezervări. Înscriere: https://www.trevoro.ro/proprietari"
"19683","Rubinia","pensiune","Romania","Oraş Solca","Suceava","","pensiunearubinia@gmail.com","https://www.facebook.com/pensiunearubinia","nou","Bună ziua! Vă contactez din partea Trevoro, platformă românească pentru proprietari de cazări. Planuri transparente: Basic 99 lei/lună, Premium 149 lei/lună, Business 249 lei/lună, cu 0% comision pe rezervări. Înscriere: https://www.trevoro.ro/proprietari"
"19716","Gradina Verde","pensiune","Romania","Becicherecu Mic","Timiş","","camelia.szuhanek@yahoo.com","https://www.facebook.com/PensiuneBecicherec/","nou","Bună ziua! Vă contactez din partea Trevoro, platformă românească pentru proprietari de cazări. Planuri transparente: Basic 99 lei/lună, Premium 149 lei/lună, Business 249 lei/lună, cu 0% comision pe rezervări. Înscriere: https://www.trevoro.ro/proprietari"
"19718","Santa Maria","pensiune","Romania","Bethausen","Timiş","","morus_vali@yahoo.com","https://www.facebook.com/Pensiunea-Santa-Maria-Bethausen-1541734572505540/","nou","Bună ziua! Vă contactez din partea Trevoro, platformă românească pentru proprietari de cazări. Planuri transparente: Basic 99 lei/lună, Premium 149 lei/lună, Business 249 lei/lună, cu 0% comision pe rezervări. Înscriere: https://www.trevoro.ro/proprietari"
"19721","Agroturism 55","pensiune","Romania","Bogda","Timiş","","jeaninavilceanu@yahoo.com","https://www.facebook.com/pensiunea.agroturism55/","nou","Bună ziua! Vă contactez din partea Trevoro, platformă românească pentru proprietari de cazări. Planuri transparente: Basic 99 lei/lună, Premium 149 lei/lună, Business 249 lei/lună, cu 0% comision pe rezervări. Înscriere: https://www.trevoro.ro/proprietari"
"19722","Casa Altringen","pensiune","Romania","Bogda","Timiş","","casaaltringen@gmail.com","https://www.facebook.com/CasaAltringen/","nou","Bună ziua! Vă contactez din partea Trevoro, platformă românească pentru proprietari de cazări. Planuri transparente: Basic 99 lei/lună, Premium 149 lei/lună, Business 249 lei/lună, cu 0% comision pe rezervări. Înscriere: https://www.trevoro.ro/proprietari"
"19734","Rocen","pensiune","Romania","Cenei","Timiş","","titusslavici@yahoo.com","https://www.facebook.com/Rocen2010/","nou","Bună ziua! Vă contactez din partea Trevoro, platformă românească pentru proprietari de cazări. Planuri transparente: Basic 99 lei/lună, Premium 149 lei/lună, Business 249 lei/lună, cu 0% comision pe rezervări. Înscriere: https://www.trevoro.ro/proprietari"
"19736","Rolem","pensiune","Romania","Coşteiu","Timiş","","claudia.petrucean@yahoo.com","https://www.facebook.com/RolemParc/","nou","Bună ziua! Vă contactez din partea Trevoro, platformă românească pentru proprietari de cazări. Planuri transparente: Basic 99 lei/lună, Premium 149 lei/lună, Business 249 lei/lună, cu 0% comision pe rezervări. Înscriere: https://www.trevoro.ro/proprietari"
"19743","Ana-Maria","pensiune","Romania","Dumbrăviţa","Timiş","","scnavigatorsrl@yahoo.com","https://www.facebook.com/Pensiunea-Ana-Maria-Dumbravita-816533565367720/","nou","Bună ziua! Vă contactez din partea Trevoro, platformă românească pentru proprietari de cazări. Planuri transparente: Basic 99 lei/lună, Premium 149 lei/lună, Business 249 lei/lună, cu 0% comision pe rezervări. Înscriere: https://www.trevoro.ro/proprietari"
"19752","Marco","pensiune","Romania","Dumbrăviţa","Timiş","","pensiuneaagroturisticamarco@gmail.com","https://www.facebook.com/Pensiunea-Agroturistica-Marco-104456567989324/","nou","Bună ziua! Vă contactez din partea Trevoro, platformă românească pentru proprietari de cazări. Planuri transparente: Basic 99 lei/lună, Premium 149 lei/lună, Business 249 lei/lună, cu 0% comision pe rezervări. Înscriere: https://www.trevoro.ro/proprietari"
"19758","Tropicana","pensiune","Romania","Dumbrăviţa","Timiş","","","https://www.facebook.com/Pensiunea-Tropicana-205922749610141/","nou","Bună ziua! Vă contactez din partea Trevoro, platformă românească pentru proprietari de cazări. Planuri transparente: Basic 99 lei/lună, Premium 149 lei/lună, Business 249 lei/lună, cu 0% comision pe rezervări. Înscriere: https://www.trevoro.ro/proprietari"
"19761","Maria","pensiune","Romania","Fârdea","Timiş","","pensiuneamaria@yahoo.com","https://www.facebook.com/pensiuneamarialaculsurduc/","nou","Bună ziua! Vă contactez din partea Trevoro, platformă românească pentru proprietari de cazări. Planuri transparente: Basic 99 lei/lună, Premium 149 lei/lună, Business 249 lei/lună, cu 0% comision pe rezervări. Înscriere: https://www.trevoro.ro/proprietari"
"19774","Rosroca","pensiune","Romania","Gavojdia","Timiş","","","https://www.facebook.com/pages/Restaurant-Pensiunea-Ros-Roca/1012269702129234","nou","Bună ziua! Vă contactez din partea Trevoro, platformă românească pentru proprietari de cazări. Planuri transparente: Basic 99 lei/lună, Premium 149 lei/lună, Business 249 lei/lună, cu 0% comision pe rezervări. Înscriere: https://www.trevoro.ro/proprietari"
"19783","Venezia","pensiune","Romania","Ghiroda","Timiş","","limuzina_vip@yahoo.com","https://www.facebook.com/Pensiunea-Venetia-Oficial-374576682751788/","nou","Bună ziua! Vă contactez din partea Trevoro, platformă românească pentru proprietari de cazări. Planuri transparente: Basic 99 lei/lună, Premium 149 lei/lună, Business 249 lei/lună, cu 0% comision pe rezervări. Înscriere: https://www.trevoro.ro/proprietari"
"19784","Andreea Maria","pensiune","Romania","Giarmata","Timiş","","pensiune.andrea.maria@gmail.com","https://m.facebook.com/Pensiunea-Andrea-Maria-Giarmata-102547521826679/","nou","Bună ziua! Vă contactez din partea Trevoro, platformă românească pentru proprietari de cazări. Planuri transparente: Basic 99 lei/lună, Premium 149 lei/lună, Business 249 lei/lună, cu 0% comision pe rezervări. Înscriere: https://www.trevoro.ro/proprietari"
"19785","Kevin & Jessica","pensiune","Romania","Giarmata","Timiş","","simo10gabi@yahoo.com","https://www.facebook.com/Agropensiune-kevinjessica-1393237314141106/","nou","Bună ziua! Vă contactez din partea Trevoro, platformă românească pentru proprietari de cazări. Planuri transparente: Basic 99 lei/lună, Premium 149 lei/lună, Business 249 lei/lună, cu 0% comision pe rezervări. Înscriere: https://www.trevoro.ro/proprietari"
"19795","Violeta","pensiune","Romania","Giroc","Timiş","","contact@pensiuneavioletatimisoara.ro","https://www.facebook.com/PensiuneaVioletaTimisoara/","nou","Bună ziua! Vă contactez din partea Trevoro, platformă românească pentru proprietari de cazări. Planuri transparente: Basic 99 lei/lună, Premium 149 lei/lună, Business 249 lei/lună, cu 0% comision pe rezervări. Înscriere: https://www.trevoro.ro/proprietari"
"19805","Moteleţul","pensiune","Romania","Moşniţa Nouă","Timiş","","pensiuneauno@yahoo.com","https://www.facebook.com/PensiuneaMoteletul/","nou","Bună ziua! Vă contactez din partea Trevoro, platformă românească pentru proprietari de cazări. Planuri transparente: Basic 99 lei/lună, Premium 149 lei/lună, Business 249 lei/lună, cu 0% comision pe rezervări. Înscriere: https://www.trevoro.ro/proprietari"
"19806","Valery 3","pensiune","Romania","Moşniţa Nouă","Timiş","","evenimente@valery.ro","https://www.facebook.com/valerytimisoara/","nou","Bună ziua! Vă contactez din partea Trevoro, platformă românească pentru proprietari de cazări. Planuri transparente: Basic 99 lei/lună, Premium 149 lei/lună, Business 249 lei/lună, cu 0% comision pe rezervări. Înscriere: https://www.trevoro.ro/proprietari"
"19807","Casa Iorgovanul","pensiune","Romania","Moşniţa Nouă","Timiş","","casa_iorgovanul@yahoo.ro","https://www.facebook.com/PensiuneaCasaIorgovanul/","nou","Bună ziua! Vă contactez din partea Trevoro, platformă românească pentru proprietari de cazări. Planuri transparente: Basic 99 lei/lună, Premium 149 lei/lună, Business 249 lei/lună, cu 0% comision pe rezervări. Înscriere: https://www.trevoro.ro/proprietari"
"19812","Trainic","pensiune","Romania","Ortişoara","Timiş","","trascac@ymail.com","https://www.facebook.com/PensiuneaTrainic/","nou","Bună ziua! Vă contactez din partea Trevoro, platformă românească pentru proprietari de cazări. Planuri transparente: Basic 99 lei/lună, Premium 149 lei/lună, Business 249 lei/lună, cu 0% comision pe rezervări. Înscriere: https://www.trevoro.ro/proprietari"
"19816","Casa Murani","pensiune","Romania","Pişchia","Timiş","","","https://www.facebook.com/CasaMurani/","nou","Bună ziua! Vă contactez din partea Trevoro, platformă românească pentru proprietari de cazări. Planuri transparente: Basic 99 lei/lună, Premium 149 lei/lună, Business 249 lei/lună, cu 0% comision pe rezervări. Înscriere: https://www.trevoro.ro/proprietari"
"19821","Golden Moments","pensiune","Romania","Săcălaz","Timiş","","contact@golden-moments.ro","https://www.facebook.com/pensiunegoldenmoments/","nou","Bună ziua! Vă contactez din partea Trevoro, platformă românească pentru proprietari de cazări. Planuri transparente: Basic 99 lei/lună, Premium 149 lei/lună, Business 249 lei/lună, cu 0% comision pe rezervări. Înscriere: https://www.trevoro.ro/proprietari"
"19831","Centrul De Jurnalism Romanesti","pensiune","Romania","Tomeşti","Timiş","","marian_odangiu@yahoo.com","https://www.facebook.com/Pensiunea-Centrul-de-jurnalism-Rom%C3%A2ne%C5%9Fti-138262242940950/","nou","Bună ziua! Vă contactez din partea Trevoro, platformă românească pentru proprietari de cazări. Planuri transparente: Basic 99 lei/lună, Premium 149 lei/lună, Business 249 lei/lună, cu 0% comision pe rezervări. Înscriere: https://www.trevoro.ro/proprietari"
"19832","Bella","pensiune","Romania","Tomnatic","Timiş","","ciprian.tipei@gmail.com","https://www.facebook.com/cuptoruldinpoveste/","nou","Bună ziua! Vă contactez din partea Trevoro, platformă românească pentru proprietari de cazări. Planuri transparente: Basic 99 lei/lună, Premium 149 lei/lună, Business 249 lei/lună, cu 0% comision pe rezervări. Înscriere: https://www.trevoro.ro/proprietari"
"19833","Cusali","pensiune","Romania","Topolovăţu Mare","Timiş","","cusalisrl@gmail.com","https://www.facebook.com/profile.php?id=100057360612940","nou","Bună ziua! Vă contactez din partea Trevoro, platformă românească pentru proprietari de cazări. Planuri transparente: Basic 99 lei/lună, Premium 149 lei/lună, Business 249 lei/lună, cu 0% comision pe rezervări. Înscriere: https://www.trevoro.ro/proprietari"
"19840","Ariandre","pensiune","Romania","Lugoj","Timiş","","","https://www.facebook.com/PensiuneaAriandree/","nou","Bună ziua! Vă contactez din partea Trevoro, platformă românească pentru proprietari de cazări. Planuri transparente: Basic 99 lei/lună, Premium 149 lei/lună, Business 249 lei/lună, cu 0% comision pe rezervări. Înscriere: https://www.trevoro.ro/proprietari"
"19845","Domacris","pensiune","Romania","Lugoj","Timiş","","domacrisparc@yahoo.com","https://www.facebook.com/PizzeriaDomacrisParc","nou","Bună ziua! Vă contactez din partea Trevoro, platformă românească pentru proprietari de cazări. Planuri transparente: Basic 99 lei/lună, Premium 149 lei/lună, Business 249 lei/lună, cu 0% comision pe rezervări. Înscriere: https://www.trevoro.ro/proprietari"
"19847","Gasthaus Eduard","pensiune","Romania","Lugoj","Timiş","","gasthauseduard@yahoo.com","https://www.facebook.com/Gasthaus-Eduard-1583608868560279/","nou","Bună ziua! Vă contactez din partea Trevoro, platformă românească pentru proprietari de cazări. Planuri transparente: Basic 99 lei/lună, Premium 149 lei/lună, Business 249 lei/lună, cu 0% comision pe rezervări. Înscriere: https://www.trevoro.ro/proprietari"
"19848","Grecu","pensiune","Romania","Lugoj","Timiş","","pensiunea_grecu@yahoo.ro","https://m.facebook.com/Pensiunea-Grecu-1460155560911394/","nou","Bună ziua! Vă contactez din partea Trevoro, platformă românească pentru proprietari de cazări. Planuri transparente: Basic 99 lei/lună, Premium 149 lei/lună, Business 249 lei/lună, cu 0% comision pe rezervări. Înscriere: https://www.trevoro.ro/proprietari"
"19850","Lois","pensiune","Romania","Lugoj","Timiş","","","https://www.facebook.com/pensiunealois/","nou","Bună ziua! Vă contactez din partea Trevoro, platformă românească pentru proprietari de cazări. Planuri transparente: Basic 99 lei/lună, Premium 149 lei/lună, Business 249 lei/lună, cu 0% comision pe rezervări. Înscriere: https://www.trevoro.ro/proprietari"
"20094","Vlad","pensiune","Romania","Timişoara","Timiş","","","https://www.facebook.com/Pensiunile-Vlad-Timisoara-Romania-1667525903467047/","nou","Bună ziua! Vă contactez din partea Trevoro, platformă românească pentru proprietari de cazări. Planuri transparente: Basic 99 lei/lună, Premium 149 lei/lună, Business 249 lei/lună, cu 0% comision pe rezervări. Înscriere: https://www.trevoro.ro/proprietari"
"20096","Vlăduţ","pensiune","Romania","Timişoara","Timiş","","","https://www.facebook.com/people/Pensiunea-Vladut-Timisoara/100008231868420/","nou","Bună ziua! Vă contactez din partea Trevoro, platformă românească pentru proprietari de cazări. Planuri transparente: Basic 99 lei/lună, Premium 149 lei/lună, Business 249 lei/lună, cu 0% comision pe rezervări. Înscriere: https://www.trevoro.ro/proprietari"
"20104","Eli","pensiune","Romania","Oraş Buziaş","Timiş","","martonpamfir@yahoo.com","https://www.facebook.com/PensiuneaEliBuzias/","nou","Bună ziua! Vă contactez din partea Trevoro, platformă românească pentru proprietari de cazări. Planuri transparente: Basic 99 lei/lună, Premium 149 lei/lună, Business 249 lei/lună, cu 0% comision pe rezervări. Înscriere: https://www.trevoro.ro/proprietari"
"20108","Popas Paradis","pensiune","Romania","Oraş Buziaş","Timiş","","patadis@vio-net.ro","https://www.facebook.com/Pensiune-Paradis-Buzias-1157253864404192/","nou","Bună ziua! Vă contactez din partea Trevoro, platformă românească pentru proprietari de cazări. Planuri transparente: Basic 99 lei/lună, Premium 149 lei/lună, Business 249 lei/lună, cu 0% comision pe rezervări. Înscriere: https://www.trevoro.ro/proprietari"
"20117","Foişor","pensiune","Romania","Făget","Timiş","","stelian.nicorescu@gmail.com","https://www.facebook.com/PensiuneaFoisorFage/","nou","Bună ziua! Vă contactez din partea Trevoro, platformă românească pentru proprietari de cazări. Planuri transparente: Basic 99 lei/lună, Premium 149 lei/lună, Business 249 lei/lună, cu 0% comision pe rezervări. Înscriere: https://www.trevoro.ro/proprietari"
"20134","La Gattuso","pensiune","Romania","Oraş Sânnicolau Mare","Timiş","","","https://www.facebook.com/PensiuneRestaurantLaGattuzo/","nou","Bună ziua! Vă contactez din partea Trevoro, platformă românească pentru proprietari de cazări. Planuri transparente: Basic 99 lei/lună, Premium 149 lei/lună, Business 249 lei/lună, cu 0% comision pe rezervări. Înscriere: https://www.trevoro.ro/proprietari"
"21301","Poliana","pensiune","Romania","Costeşti","Vaslui","","","https://www.facebook.com/pensiunea.poliana/","nou","Bună ziua! Vă contactez din partea Trevoro, platformă românească pentru proprietari de cazări. Planuri transparente: Basic 99 lei/lună, Premium 149 lei/lună, Business 249 lei/lună, cu 0% comision pe rezervări. Înscriere: https://www.trevoro.ro/proprietari"
"21302","Rustico","pensiune","Romania","Creţeşti","Vaslui","","pensiunearustico@gmail.com","https://www.facebook.com/PensiuneaRustico/","nou","Bună ziua! Vă contactez din partea Trevoro, platformă românească pentru proprietari de cazări. Planuri transparente: Basic 99 lei/lună, Premium 149 lei/lună, Business 249 lei/lună, cu 0% comision pe rezervări. Înscriere: https://www.trevoro.ro/proprietari"
"21312","Complex Noblesse Antonia","pensiune","Romania","Poieneşti","Vaslui","","","https://www.facebook.com/complexnoblesse/","nou","Bună ziua! Vă contactez din partea Trevoro, platformă românească pentru proprietari de cazări. Planuri transparente: Basic 99 lei/lună, Premium 149 lei/lună, Business 249 lei/lună, cu 0% comision pe rezervări. Înscriere: https://www.trevoro.ro/proprietari"
"21523","Adeti Residence","hotel","Bulgaria","","","+359 895 333 888","","https://www.facebook.com/61559579975380","nou","Bună ziua! Vă contactez din partea Trevoro, platformă românească pentru proprietari de cazări. Planuri transparente: Basic 99 lei/lună, Premium 149 lei/lună, Business 249 lei/lună, cu 0% comision pe rezervări. Înscriere: https://www.trevoro.ro/proprietari"
"21525","Trend","hotel","Bulgaria","","","+359 89 7995 755","ggtkomerseood@gmail.com","https://www.facebook.com/hotel.trend.bg","nou","Bună ziua! Vă contactez din partea Trevoro, platformă românească pentru proprietari de cazări. Planuri transparente: Basic 99 lei/lună, Premium 149 lei/lună, Business 249 lei/lună, cu 0% comision pe rezervări. Înscriere: https://www.trevoro.ro/proprietari"
"21745","Романс","hotel","Bulgaria","Варна","","+359 52 38 54 00","","https://www.facebook.com/romancesplendid/","nou","Bună ziua! Vă contactez din partea Trevoro, platformă românească pentru proprietari de cazări. Planuri transparente: Basic 99 lei/lună, Premium 149 lei/lună, Business 249 lei/lună, cu 0% comision pe rezervări. Înscriere: https://www.trevoro.ro/proprietari"
"21764","Комитата","pensiune","Bulgaria","","","","","https://www.facebook.com/villaKomitata/","nou","Bună ziua! Vă contactez din partea Trevoro, platformă românească pentru proprietari de cazări. Planuri transparente: Basic 99 lei/lună, Premium 149 lei/lună, Business 249 lei/lună, cu 0% comision pe rezervări. Înscriere: https://www.trevoro.ro/proprietari"
"21770","Комплекс вили Калиакра и Градина","hotel","Bulgaria","","","","","https://www.facebook.com/villakaliakranew","nou","Bună ziua! Vă contactez din partea Trevoro, platformă românească pentru proprietari de cazări. Planuri transparente: Basic 99 lei/lună, Premium 149 lei/lună, Business 249 lei/lună, cu 0% comision pe rezervări. Înscriere: https://www.trevoro.ro/proprietari"
"21832","Syngrou Fix","hotel","Greece","Αθήνα","","2109233560","","https://www.facebook.com/singroufix/","nou","Bună ziua! Vă contactez din partea Trevoro, platformă românească pentru proprietari de cazări. Planuri transparente: Basic 99 lei/lună, Premium 149 lei/lună, Business 249 lei/lună, cu 0% comision pe rezervări. Înscriere: https://www.trevoro.ro/proprietari"
"22073","Grand Hyatt Athens","hotel","Greece","Athens","","+30 2144021234","","https://www.facebook.com/GrandHyattAthensHotel","nou","Bună ziua! Vă contactez din partea Trevoro, platformă românească pentru proprietari de cazări. Planuri transparente: Basic 99 lei/lună, Premium 149 lei/lună, Business 249 lei/lună, cu 0% comision pe rezervări. Înscriere: https://www.trevoro.ro/proprietari"
"22118","Crystal City","hotel","Greece","Αθήνα","","","","https://www.facebook.com/HotelCrystalCity/?locale=el_GR","nou","Bună ziua! Vă contactez din partea Trevoro, platformă românească pentru proprietari de cazări. Planuri transparente: Basic 99 lei/lună, Premium 149 lei/lună, Business 249 lei/lună, cu 0% comision pe rezervări. Înscriere: https://www.trevoro.ro/proprietari"
"22171","President","hotel","Greece","Αθήνα","","2106989000","","https://www.facebook.com/president.gr","nou","Bună ziua! Vă contactez din partea Trevoro, platformă românească pentru proprietari de cazări. Planuri transparente: Basic 99 lei/lună, Premium 149 lei/lună, Business 249 lei/lună, cu 0% comision pe rezervări. Înscriere: https://www.trevoro.ro/proprietari"
"23313","Veranda B&B","hotel","Albania","","","","","https://facebook.com/people/Veranda-BB/100047643078495/","nou","Bună ziua! Vă contactez din partea Trevoro, platformă românească pentru proprietari de cazări. Planuri transparente: Basic 99 lei/lună, Premium 149 lei/lună, Business 249 lei/lună, cu 0% comision pe rezervări. Înscriere: https://www.trevoro.ro/proprietari"
"23324","Ana's Resthouse","hostel","Albania","","","","","https://www.facebook.com/anasresthouse","nou","Bună ziua! Vă contactez din partea Trevoro, platformă românească pentru proprietari de cazări. Planuri transparente: Basic 99 lei/lună, Premium 149 lei/lună, Business 249 lei/lună, cu 0% comision pe rezervări. Înscriere: https://www.trevoro.ro/proprietari"
"23328","Hani Xheblatit","hotel","Albania","","","+355 68 201 9457","","https://www.facebook.com/haniixheblatit/","nou","Bună ziua! Vă contactez din partea Trevoro, platformă românească pentru proprietari de cazări. Planuri transparente: Basic 99 lei/lună, Premium 149 lei/lună, Business 249 lei/lună, cu 0% comision pe rezervări. Înscriere: https://www.trevoro.ro/proprietari"
"23329","Timo's Guest House","pensiune","Albania","","","","","https://www.facebook.com/timosguesthouseberat/","nou","Bună ziua! Vă contactez din partea Trevoro, platformă românească pentru proprietari de cazări. Planuri transparente: Basic 99 lei/lună, Premium 149 lei/lună, Business 249 lei/lună, cu 0% comision pe rezervări. Înscriere: https://www.trevoro.ro/proprietari"
"23332","Guesthouse Kris","pensiune","Albania","Berat","","+355 69 540 0979","","https://www.facebook.com/guesthousekris/","nou","Bună ziua! Vă contactez din partea Trevoro, platformă românească pentru proprietari de cazări. Planuri transparente: Basic 99 lei/lună, Premium 149 lei/lună, Business 249 lei/lună, cu 0% comision pe rezervări. Înscriere: https://www.trevoro.ro/proprietari"
"23334","Hotel Klea","hotel","Albania","Berat","","+355 69 768 4861","","https://www.facebook.com/kleahotel","nou","Bună ziua! Vă contactez din partea Trevoro, platformă românească pentru proprietari de cazări. Planuri transparente: Basic 99 lei/lună, Premium 149 lei/lună, Business 249 lei/lună, cu 0% comision pe rezervări. Înscriere: https://www.trevoro.ro/proprietari"
"23338","Hotel Mangalemi","hotel","Albania","","","+355 68 23 23 23 8","","https://www.facebook.com/hotel.mangalemi/","nou","Bună ziua! Vă contactez din partea Trevoro, platformă românească pentru proprietari de cazări. Planuri transparente: Basic 99 lei/lună, Premium 149 lei/lună, Business 249 lei/lună, cu 0% comision pe rezervări. Înscriere: https://www.trevoro.ro/proprietari"
"23339","Hotel Pasarela","hotel","Albania","","","+355 69 359 1883","","https://www.facebook.com/Pasarela-691912357514581/","nou","Bună ziua! Vă contactez din partea Trevoro, platformă românească pentru proprietari de cazări. Planuri transparente: Basic 99 lei/lună, Premium 149 lei/lună, Business 249 lei/lună, cu 0% comision pe rezervări. Înscriere: https://www.trevoro.ro/proprietari"
"23342","Hotel White City","hotel","Albania","","","+355 69 686 4500","","https://www.facebook.com/HotelWhiteCity","nou","Bună ziua! Vă contactez din partea Trevoro, platformă românească pentru proprietari de cazări. Planuri transparente: Basic 99 lei/lună, Premium 149 lei/lună, Business 249 lei/lună, cu 0% comision pe rezervări. Înscriere: https://www.trevoro.ro/proprietari"
"23343","Vila Aleksander","hotel","Albania","","","","","https://www.facebook.com/hotelvilaaleksander/","nou","Bună ziua! Vă contactez din partea Trevoro, platformă românească pentru proprietari de cazări. Planuri transparente: Basic 99 lei/lună, Premium 149 lei/lună, Business 249 lei/lună, cu 0% comision pe rezervări. Înscriere: https://www.trevoro.ro/proprietari"
"23344","Hostel Mangalem","pensiune","Albania","","","","","https://www.facebook.com/Hostel-Mangalem-331421823857560/","nou","Bună ziua! Vă contactez din partea Trevoro, platformă românească pentru proprietari de cazări. Planuri transparente: Basic 99 lei/lună, Premium 149 lei/lună, Business 249 lei/lună, cu 0% comision pe rezervări. Înscriere: https://www.trevoro.ro/proprietari"
"23350","Hotel Ajka","hotel","Albania","","","","","https://facebook.com/HotelRestorantAjka","nou","Bună ziua! Vă contactez din partea Trevoro, platformă românească pentru proprietari de cazări. Planuri transparente: Basic 99 lei/lună, Premium 149 lei/lună, Business 249 lei/lună, cu 0% comision pe rezervări. Înscriere: https://www.trevoro.ro/proprietari"
"23351","Orestiada","hotel","Albania","Berat","","","","https://www.facebook.com/hotelorestiada/","nou","Bună ziua! Vă contactez din partea Trevoro, platformă românească pentru proprietari de cazări. Planuri transparente: Basic 99 lei/lună, Premium 149 lei/lună, Business 249 lei/lună, cu 0% comision pe rezervări. Înscriere: https://www.trevoro.ro/proprietari"
"23398","Hotel Niagara","hotel","Albania","","","+355 69 485 7790","","https://www.facebook.com/pg/Hotel-Niagara-Durres-229601697239442","nou","Bună ziua! Vă contactez din partea Trevoro, platformă românească pentru proprietari de cazări. Planuri transparente: Basic 99 lei/lună, Premium 149 lei/lună, Business 249 lei/lună, cu 0% comision pe rezervări. Înscriere: https://www.trevoro.ro/proprietari"
"23405","Subashi Villa'S","apartament","Albania","Marikaj","","+355 688282222","","https://www.facebook.com/profile.php?id=61579864130215","nou","Bună ziua! Vă contactez din partea Trevoro, platformă românească pentru proprietari de cazări. Planuri transparente: Basic 99 lei/lună, Premium 149 lei/lună, Business 249 lei/lună, cu 0% comision pe rezervări. Înscriere: https://www.trevoro.ro/proprietari"
"23514","Hotel Euro","hotel","Albania","","","","","https://www.facebook.com/people/BAR-Restorant-HOTEL-EURO/100047210718015/","nou","Bună ziua! Vă contactez din partea Trevoro, platformă românească pentru proprietari de cazări. Planuri transparente: Basic 99 lei/lună, Premium 149 lei/lună, Business 249 lei/lună, cu 0% comision pe rezervări. Înscriere: https://www.trevoro.ro/proprietari"
"23623","Camping Bandula","camping","Albania","","","","campingbandula@gmail.com","https://www.facebook.com/CampingBandula","nou","Bună ziua! Vă contactez din partea Trevoro, platformă românească pentru proprietari de cazări. Planuri transparente: Basic 99 lei/lună, Premium 149 lei/lună, Business 249 lei/lună, cu 0% comision pe rezervări. Înscriere: https://www.trevoro.ro/proprietari"
"23669","Hotel Guri","hotel","Albania","","","","","https://www.facebook.com/hotelguri","nou","Bună ziua! Vă contactez din partea Trevoro, platformă românească pentru proprietari de cazări. Planuri transparente: Basic 99 lei/lună, Premium 149 lei/lună, Business 249 lei/lună, cu 0% comision pe rezervări. Înscriere: https://www.trevoro.ro/proprietari"
"23674","Cosmo Beach Hotel","hotel","Albania","","","","","http://cosmo.hotels-albania.net/de/","nou","Bună ziua! Vă contactez din partea Trevoro, platformă românească pentru proprietari de cazări. Planuri transparente: Basic 99 lei/lună, Premium 149 lei/lună, Business 249 lei/lună, cu 0% comision pe rezervări. Înscriere: https://www.trevoro.ro/proprietari"
"23704","Airport Garden Hotel","hotel","Albania","","","+355 69 455 3350","hotelairportgarden@gmail.com","https://www.facebook.com/airportgardenhotel/","nou","Bună ziua! Vă contactez din partea Trevoro, platformă românească pentru proprietari de cazări. Planuri transparente: Basic 99 lei/lună, Premium 149 lei/lună, Business 249 lei/lună, cu 0% comision pe rezervări. Înscriere: https://www.trevoro.ro/proprietari"
"23706","Hotel Jurgen","hotel","Albania","Nikël","","+355 68 519 6073","","https://www.facebook.com/HotelJurgen","nou","Bună ziua! Vă contactez din partea Trevoro, platformă românească pentru proprietari de cazări. Planuri transparente: Basic 99 lei/lună, Premium 149 lei/lună, Business 249 lei/lună, cu 0% comision pe rezervări. Înscriere: https://www.trevoro.ro/proprietari"
"23854","Agri Camping italiano  Eucalyptus","camping","Albania","","","","","https://www.facebook.com/61550674912402","nou","Bună ziua! Vă contactez din partea Trevoro, platformă românească pentru proprietari de cazări. Planuri transparente: Basic 99 lei/lună, Premium 149 lei/lună, Business 249 lei/lună, cu 0% comision pe rezervări. Înscriere: https://www.trevoro.ro/proprietari"
"23960","Vëllezërit Vataksi","hotel","Albania","","","+355 69 333 4356","vellezerit_vataksi@yahoo.com","https://www.facebook.com/Bar-Restorant-Vellezerit-Vataksi-179270552102788","nou","Bună ziua! Vă contactez din partea Trevoro, platformă românească pentru proprietari de cazări. Planuri transparente: Basic 99 lei/lună, Premium 149 lei/lună, Business 249 lei/lună, cu 0% comision pe rezervări. Înscriere: https://www.trevoro.ro/proprietari"
"23961","Camping Taraboshi","camping","Albania","","","","","https://www.facebook.com/Bar-Restorant-Camping-Taraboshi-583061752069332/","nou","Bună ziua! Vă contactez din partea Trevoro, platformă românească pentru proprietari de cazări. Planuri transparente: Basic 99 lei/lună, Premium 149 lei/lună, Business 249 lei/lună, cu 0% comision pe rezervări. Înscriere: https://www.trevoro.ro/proprietari"
"23970","Princi i Liqenit","hotel","Albania","Zogej","","+355696597496","","https://www.facebook.com/Bar-Restorant-Princi-i-Liqenit-280285982025756/","nou","Bună ziua! Vă contactez din partea Trevoro, platformă românească pentru proprietari de cazări. Planuri transparente: Basic 99 lei/lună, Premium 149 lei/lună, Business 249 lei/lună, cu 0% comision pe rezervări. Înscriere: https://www.trevoro.ro/proprietari"
"23998","North of Albania Travel & Hostel","hostel","Albania","Shkodër","","+355673922119","","https://www.facebook.com/northofalbaniatravelhostel/","nou","Bună ziua! Vă contactez din partea Trevoro, platformă românească pentru proprietari de cazări. Planuri transparente: Basic 99 lei/lună, Premium 149 lei/lună, Business 249 lei/lună, cu 0% comision pe rezervări. Înscriere: https://www.trevoro.ro/proprietari"
"24009","Kultura","hostel","Albania","Shkodër","","","","https://www.facebook.com/kulturapubbistro","nou","Bună ziua! Vă contactez din partea Trevoro, platformă românească pentru proprietari de cazări. Planuri transparente: Basic 99 lei/lună, Premium 149 lei/lună, Business 249 lei/lună, cu 0% comision pe rezervări. Înscriere: https://www.trevoro.ro/proprietari"
"24013","Florian's Backpackers","hostel","Albania","Shkodër","","+355692751294","","https://www.facebook.com/FloriansBackpaker","nou","Bună ziua! Vă contactez din partea Trevoro, platformă românească pentru proprietari de cazări. Planuri transparente: Basic 99 lei/lună, Premium 149 lei/lună, Business 249 lei/lună, cu 0% comision pe rezervări. Înscriere: https://www.trevoro.ro/proprietari"
"24025","Hotel Osumi","hotel","Albania","","","+355 68 207 7403","","https://www.facebook.com/Hotel-Osumi-Skrapar-2761516574074119/","nou","Bună ziua! Vă contactez din partea Trevoro, platformă românească pentru proprietari de cazări. Planuri transparente: Basic 99 lei/lună, Premium 149 lei/lună, Business 249 lei/lună, cu 0% comision pe rezervări. Înscriere: https://www.trevoro.ro/proprietari"
"24030","Vila Klodi","hotel","Albania","","","+355 069 674 5799","","https://www.facebook.com/klodiksamil/","nou","Bună ziua! Vă contactez din partea Trevoro, platformă românească pentru proprietari de cazări. Planuri transparente: Basic 99 lei/lună, Premium 149 lei/lună, Business 249 lei/lună, cu 0% comision pe rezervări. Înscriere: https://www.trevoro.ro/proprietari"
"24035","Villa Afrimi","pensiune","Albania","","","","","https://www.facebook.com/VillaAfrimiKsamil","nou","Bună ziua! Vă contactez din partea Trevoro, platformă românească pentru proprietari de cazări. Planuri transparente: Basic 99 lei/lună, Premium 149 lei/lună, Business 249 lei/lună, cu 0% comision pe rezervări. Înscriere: https://www.trevoro.ro/proprietari"
"24069","Ari","hotel","Albania","","","","","https://www.facebook.com/HotelARI-122174507815376/","nou","Bună ziua! Vă contactez din partea Trevoro, platformă românească pentru proprietari de cazări. Planuri transparente: Basic 99 lei/lună, Premium 149 lei/lună, Business 249 lei/lună, cu 0% comision pe rezervări. Înscriere: https://www.trevoro.ro/proprietari"
"24070","Titania","hotel","Albania","","","","","https://www.facebook.com/Titania.2015/","nou","Bună ziua! Vă contactez din partea Trevoro, platformă românească pentru proprietari de cazări. Planuri transparente: Basic 99 lei/lună, Premium 149 lei/lună, Business 249 lei/lună, cu 0% comision pe rezervări. Înscriere: https://www.trevoro.ro/proprietari"
"24071","Seaside Appartement","pensiune","Albania","","","+355 67 201 8020","","https://www.facebook.com/SeaSideSaranda","nou","Bună ziua! Vă contactez din partea Trevoro, platformă românească pentru proprietari de cazări. Planuri transparente: Basic 99 lei/lună, Premium 149 lei/lună, Business 249 lei/lună, cu 0% comision pe rezervări. Înscriere: https://www.trevoro.ro/proprietari"
"24073","Pini","hotel","Albania","","","","","https://www.facebook.com/hotel.PINI/","nou","Bună ziua! Vă contactez din partea Trevoro, platformă românească pentru proprietari de cazări. Planuri transparente: Basic 99 lei/lună, Premium 149 lei/lună, Business 249 lei/lună, cu 0% comision pe rezervări. Înscriere: https://www.trevoro.ro/proprietari"
"24074","Lion  Gate","hotel","Albania","","","","","https://www.facebook.com/Hotel-Lion-Gate-645156912259098/","nou","Bună ziua! Vă contactez din partea Trevoro, platformă românească pentru proprietari de cazări. Planuri transparente: Basic 99 lei/lună, Premium 149 lei/lună, Business 249 lei/lună, cu 0% comision pe rezervări. Înscriere: https://www.trevoro.ro/proprietari"
"24080","Strora Hotel","hotel","Albania","","","+355694615178","","https://www.facebook.com/profile.php?id=100063543521403","nou","Bună ziua! Vă contactez din partea Trevoro, platformă românească pentru proprietari de cazări. Planuri transparente: Basic 99 lei/lună, Premium 149 lei/lună, Business 249 lei/lună, cu 0% comision pe rezervări. Înscriere: https://www.trevoro.ro/proprietari"
"24082","Apartamente Lida","apartament","Albania","","","","","https://www.facebook.com/ApartamenteLida","nou","Bună ziua! Vă contactez din partea Trevoro, platformă românească pentru proprietari de cazări. Planuri transparente: Basic 99 lei/lună, Premium 149 lei/lună, Business 249 lei/lună, cu 0% comision pe rezervări. Înscriere: https://www.trevoro.ro/proprietari"
"24100","Trigona","hostel","Albania","","","+355 69 226 3663","","https://www.facebook.com/trigona2019/","nou","Bună ziua! Vă contactez din partea Trevoro, platformă românească pentru proprietari de cazări. Planuri transparente: Basic 99 lei/lună, Premium 149 lei/lună, Business 249 lei/lună, cu 0% comision pe rezervări. Înscriere: https://www.trevoro.ro/proprietari"
